,id,year,doy,TECO_SPRUCE,gpp
0,1,2015,1,,0.0
1,2,2015,2,,0.0
2,3,2015,3,,0.0
3,4,2015,4,,0.0
4,5,2015,5,,0.0
5,6,2015,6,,0.0
6,7,2015,7,,0.0
7,8,2015,8,,0.0
8,9,2015,9,,0.0
9,10,2015,10,,0.0
10,11,2015,11,,0.0
11,12,2015,12,,0.0
12,13,2015,13,,0.0
13,14,2015,14,,0.0
14,15,2015,15,,0.0
15,16,2015,16,,0.0
16,17,2015,17,,0.0
17,18,2015,18,,0.0
18,19,2015,19,,0.0
19,20,2015,20,,0.0
20,21,2015,21,,0.0
21,22,2015,22,,0.0
22,23,2015,23,,0.0
23,24,2015,24,,0.0
24,25,2015,25,,0.0
25,26,2015,26,,0.0
26,27,2015,27,,0.0
27,28,2015,28,,0.0
28,29,2015,29,,0.0
29,30,2015,30,,0.0
30,31,2015,31,,0.0
31,32,2015,32,,0.0
32,33,2015,33,,0.0
33,34,2015,34,,0.0
34,35,2015,35,,0.0
35,36,2015,36,,0.0
36,37,2015,37,,0.0
37,38,2015,38,,0.0
38,39,2015,39,,0.0
39,40,2015,40,,0.0
40,41,2015,41,,0.0
41,42,2015,42,,0.0
42,43,2015,43,,0.0
43,44,2015,44,,0.0
44,45,2015,45,,0.0
45,46,2015,46,,0.0
46,47,2015,47,,0.0
47,48,2015,48,,0.0
48,49,2015,49,,0.0
49,50,2015,50,,0.0003
50,51,2015,51,,0.0
51,52,2015,52,,0.0
52,53,2015,53,,0.0
53,54,2015,54,,0.0
54,55,2015,55,,0.0
55,56,2015,56,,0.0
56,57,2015,57,,0.0
57,58,2015,58,,0.0
58,59,2015,59,,0.0001
59,60,2015,60,,0.0
60,61,2015,61,,0.2056
61,62,2015,62,,0.0
62,63,2015,63,,0.0
63,64,2015,64,,0.0
64,65,2015,65,,0.2132
65,66,2015,66,,0.1708
66,67,2015,67,,0.6015
67,68,2015,68,,0.9715
68,69,2015,69,,1.0358
69,70,2015,70,,0.5775
70,71,2015,71,,1.099
71,72,2015,72,,0.4831
72,73,2015,73,,1.3483
73,74,2015,74,,2.5945
74,75,2015,75,,0.0
75,76,2015,76,,0.5593
76,77,2015,77,,0.9295
77,78,2015,78,,0.3683
78,79,2015,79,,0.193
79,80,2015,80,,0.0
80,81,2015,81,,0.5282
81,82,2015,82,,0.0176
82,83,2015,83,,0.9286
83,84,2015,84,,0.0
84,85,2015,85,,0.0075
85,86,2015,86,,0.8859
86,87,2015,87,,1.4288
87,88,2015,88,,0.2504
88,89,2015,89,,0.5304
89,90,2015,90,,1.7099
90,91,2015,91,,2.1975
91,92,2015,92,,2.0835
92,93,2015,93,,0.5839
93,94,2015,94,,1.2139
94,95,2015,95,,1.3055
95,96,2015,96,,0.2455
96,97,2015,97,,0.0
97,98,2015,98,,0.3273
98,99,2015,99,,0.9723
99,100,2015,100,,2.0848
100,101,2015,101,,3.7695
101,102,2015,102,,5.3471
102,103,2015,103,,2.0345
103,104,2015,104,,4.2915
104,105,2015,105,,5.0295
105,106,2015,106,,4.1051
106,107,2015,107,,5.1043
107,108,2015,108,,3.2199
108,109,2015,109,,0.0
109,110,2015,110,,0.0
110,111,2015,111,,0.0
111,112,2015,112,,0.911
112,113,2015,113,,1.9651
113,114,2015,114,,0.0
114,115,2015,115,,2.2298
115,116,2015,116,,3.405
116,117,2015,117,,4.9735
117,118,2015,118,,3.5042
118,119,2015,119,,2.454
119,120,2015,120,,4.5861
120,121,2015,121,,4.9247
121,122,2015,122,,6.1005
122,123,2015,123,,5.5121
123,124,2015,124,,4.4452
124,125,2015,125,,5.9854
125,126,2015,126,,4.8849
126,127,2015,127,,4.2895
127,128,2015,128,,1.2309
128,129,2015,129,,0.8234
129,130,2015,130,,1.098
130,131,2015,131,,0.0
131,132,2015,132,,1.4918
132,133,2015,133,,0.0
133,134,2015,134,,0.0142
134,135,2015,135,,3.3642
135,136,2015,136,,6.707
136,137,2015,137,,3.5072
137,138,2015,138,,0.0
138,139,2015,139,,2.5725
139,140,2015,140,,4.8772
140,141,2015,141,,5.1827
141,142,2015,142,,5.9387
142,143,2015,143,,6.6525
143,144,2015,144,,7.2158
144,145,2015,145,,0.5264
145,146,2015,146,,7.0153
146,147,2015,147,,7.1667
147,148,2015,148,,6.3647
148,149,2015,149,,0.6023
149,150,2015,150,,2.9501
150,151,2015,151,,3.4962
151,152,2015,152,,5.8615
152,153,2015,153,,6.7045
153,154,2015,154,,1.892
154,155,2015,155,,4.166
155,156,2015,156,,6.9871
156,157,2015,157,,3.2568
157,158,2015,158,,5.9058
158,159,2015,159,,8.1734
159,160,2015,160,,7.5944
160,161,2015,161,,7.1784
161,162,2015,162,,7.026
162,163,2015,163,,6.7615
163,164,2015,164,,7.5227
164,165,2015,165,,6.5106
165,166,2015,166,,6.7835
166,167,2015,167,,5.3147
167,168,2015,168,,6.1817
168,169,2015,169,,4.9436
169,170,2015,170,,8.0616
170,171,2015,171,,6.7131
171,172,2015,172,,7.5333
172,173,2015,173,,6.163
173,174,2015,174,,7.3008
174,175,2015,175,,5.6155
175,176,2015,176,,5.9891
176,177,2015,177,,6.533
177,178,2015,178,,6.9419
178,179,2015,179,,8.2749
179,180,2015,180,,8.3402
180,181,2015,181,,6.5242
181,182,2015,182,,7.6734
182,183,2015,183,,8.1984
183,184,2015,184,,8.3256
184,185,2015,185,,7.6156
185,186,2015,186,,8.5778
186,187,2015,187,,4.176
187,188,2015,188,,6.2147
188,189,2015,189,,7.3104
189,190,2015,190,,7.6888
190,191,2015,191,,6.8331
191,192,2015,192,,8.8151
192,193,2015,193,,8.6191
193,194,2015,194,,7.996
194,195,2015,195,,9.5986
195,196,2015,196,,6.9854
196,197,2015,197,,7.9171
197,198,2015,198,,7.7246
198,199,2015,199,,8.3084
199,200,2015,200,,7.9374
200,201,2015,201,,7.7182
201,202,2015,202,,7.2498
202,203,2015,203,,7.5289
203,204,2015,204,,7.174
204,205,2015,205,,9.6963
205,206,2015,206,,8.1955
206,207,2015,207,,6.4221
207,208,2015,208,,7.2128
208,209,2015,209,,8.6168
209,210,2015,210,,6.936
210,211,2015,211,,7.9141
211,212,2015,212,,8.1276
212,213,2015,213,,7.2196
213,214,2015,214,,7.4352
214,215,2015,215,,6.9135
215,216,2015,216,,7.0361
216,217,2015,217,,6.9556
217,218,2015,218,,6.089
218,219,2015,219,,7.9873
219,220,2015,220,,7.6393
220,221,2015,221,,8.5165
221,222,2015,222,,7.6812
222,223,2015,223,,6.9135
223,224,2015,224,,6.2133
224,225,2015,225,,8.0553
225,226,2015,226,,6.5539
226,227,2015,227,,6.9997
227,228,2015,228,,8.6135
228,229,2015,229,,6.2641
229,230,2015,230,,5.7347
230,231,2015,231,,0.0
231,232,2015,232,,5.2814
232,233,2015,233,,7.2278
233,234,2015,234,,7.1249
234,235,2015,235,,0.0292
235,236,2015,236,,0.2247
236,237,2015,237,,5.1502
237,238,2015,238,,5.3331
238,239,2015,239,,6.4759
239,240,2015,240,,7.2593
240,241,2015,241,,7.3885
241,242,2015,242,,7.0797
242,243,2015,243,,7.4134
243,244,2015,244,,6.9383
244,245,2015,245,,6.3607
245,246,2015,246,,7.2115
246,247,2015,247,,7.998
247,248,2015,248,,7.7362
248,249,2015,249,,6.5768
249,250,2015,250,,4.8134
250,251,2015,251,,5.7572
251,252,2015,252,,5.0023
252,253,2015,253,,2.1382
253,254,2015,254,,2.8224
254,255,2015,255,,4.8161
255,256,2015,256,,6.2231
256,257,2015,257,,6.4434
257,258,2015,258,,7.7109
258,259,2015,259,,7.8778
259,260,2015,260,,7.6295
260,261,2015,261,,3.4561
261,262,2015,262,,5.164
262,263,2015,263,,5.6269
263,264,2015,264,,6.3752
264,265,2015,265,,3.4839
265,266,2015,266,,0.0
266,267,2015,267,,1.6024
267,268,2015,268,,3.2648
268,269,2015,269,,4.2842
269,270,2015,270,,6.065
270,271,2015,271,,4.216
271,272,2015,272,,2.1488
272,273,2015,273,,3.1876
273,274,2015,274,,2.7612
274,275,2015,275,,2.2726
275,276,2015,276,,1.8405
276,277,2015,277,,1.9225
277,278,2015,278,,0.1918
278,279,2015,279,,1.5042
279,280,2015,280,,1.8897
280,281,2015,281,,0.0
281,282,2015,282,,1.3718
282,283,2015,283,,3.9012
283,284,2015,284,,4.7485
284,285,2015,285,,0.0
285,286,2015,286,,0.7898
286,287,2015,287,,2.6341
287,288,2015,288,,0.3997
288,289,2015,289,,0.0557
289,290,2015,290,,1.3031
290,291,2015,291,,1.7599
291,292,2015,292,,2.8093
292,293,2015,293,,0.9648
293,294,2015,294,,0.0
294,295,2015,295,,1.6979
295,296,2015,296,,0.0
296,297,2015,297,,1.1749
297,298,2015,298,,1.3248
298,299,2015,299,,0.9588
299,300,2015,300,,0.2475
300,301,2015,301,,0.0
301,302,2015,302,,0.0
302,303,2015,303,,0.2544
303,304,2015,304,,0.0
304,305,2015,305,,0.0617
305,306,2015,306,,1.5763
306,307,2015,307,,1.3658
307,308,2015,308,,0.0
308,309,2015,309,,0.0
309,310,2015,310,,0.0
310,311,2015,311,,0.4884
311,312,2015,312,,1.1312
312,313,2015,313,,1.2409
313,314,2015,314,,0.9625
314,315,2015,315,,0.0
315,316,2015,316,,0.0
316,317,2015,317,,0.0425
317,318,2015,318,,0.3896
318,319,2015,319,,0.8868
319,320,2015,320,,0.0
320,321,2015,321,,0.0
321,322,2015,322,,0.0
322,323,2015,323,,0.0
323,324,2015,324,,0.0
324,325,2015,325,,0.0
325,326,2015,326,,0.0
326,327,2015,327,,0.0
327,328,2015,328,,0.0
328,329,2015,329,,0.0
329,330,2015,330,,0.0
330,331,2015,331,,0.0
331,332,2015,332,,0.0036
332,333,2015,333,,0.0126
333,334,2015,334,,0.0
334,335,2015,335,,0.0
335,336,2015,336,,0.0709
336,337,2015,337,,0.0779
337,338,2015,338,,0.5619
338,339,2015,339,,0.0
339,340,2015,340,,0.0021
340,341,2015,341,,0.0
341,342,2015,342,,0.0054
342,343,2015,343,,0.0
343,344,2015,344,,0.0
344,345,2015,345,,0.0
345,346,2015,346,,0.0
346,347,2015,347,,0.0
347,348,2015,348,,0.0
348,349,2015,349,,0.0
349,350,2015,350,,0.0
350,351,2015,351,,0.0
351,352,2015,352,,0.0
352,353,2015,353,,0.0
353,354,2015,354,,0.0
354,355,2015,355,,0.0
355,356,2015,356,,0.0
356,357,2015,357,,0.0
357,358,2015,358,,0.0
358,359,2015,359,,0.0
359,360,2015,360,,0.0
360,361,2015,361,,0.0
361,362,2015,362,,0.0
362,363,2015,363,,0.0
363,364,2015,364,,0.0
364,365,2015,365,,0.0
365,366,2016,1,,0.0587
366,367,2016,2,,0.0
367,368,2016,3,,0.0
368,369,2016,4,,0.0
369,370,2016,5,,0.0011
370,371,2016,6,,0.0
371,372,2016,7,,0.0
372,373,2016,8,,0.0
373,374,2016,9,,0.0
374,375,2016,10,,0.0
375,376,2016,11,,0.0
376,377,2016,12,,0.0
377,378,2016,13,,0.0
378,379,2016,14,,0.0
379,380,2016,15,,0.0
380,381,2016,16,,0.0
381,382,2016,17,,0.0
382,383,2016,18,,0.0
383,384,2016,19,,0.0
384,385,2016,20,,0.0
385,386,2016,21,,0.0
386,387,2016,22,,0.0
387,388,2016,23,,0.0
388,389,2016,24,,0.0
389,390,2016,25,,0.0
390,391,2016,26,,0.0
391,392,2016,27,,0.0
392,393,2016,28,,0.0
393,394,2016,29,,0.0
394,395,2016,30,,0.0733
395,396,2016,31,,0.2013
396,397,2016,32,,0.0
397,398,2016,33,,0.0
398,399,2016,34,,0.0
399,400,2016,35,,0.0
400,401,2016,36,,0.0
401,402,2016,37,,0.0143
402,403,2016,38,,0.0
403,404,2016,39,,0.0
404,405,2016,40,,0.0
405,406,2016,41,,0.0
406,407,2016,42,,0.0
407,408,2016,43,,0.0
408,409,2016,44,,0.0
409,410,2016,45,,0.0
410,411,2016,46,,0.0
411,412,2016,47,,0.0
412,413,2016,48,,0.057
413,414,2016,49,,0.0
414,415,2016,50,,0.0
415,416,2016,51,,0.0006
416,417,2016,52,,0.0014
417,418,2016,53,,0.0
418,419,2016,54,,0.0
419,420,2016,55,,0.0
420,421,2016,56,,0.0
421,422,2016,57,,0.5248
422,423,2016,58,,0.7842
423,424,2016,59,,0.1006
424,425,2016,60,,0.0
425,426,2016,61,,0.0
426,427,2016,62,,0.0
427,428,2016,63,,0.3288
428,429,2016,64,,0.0
429,430,2016,65,,0.0
430,431,2016,66,,0.9345
431,432,2016,67,,0.9257
432,433,2016,68,,0.2238
433,434,2016,69,,0.0
434,435,2016,70,,0.7992
435,436,2016,71,,1.2163
436,437,2016,72,,2.4125
437,438,2016,73,,0.0958
438,439,2016,74,,0.7896
439,440,2016,75,,0.0
440,441,2016,76,,0.0
441,442,2016,77,,0.0
442,443,2016,78,,0.0
443,444,2016,79,,0.6765
444,445,2016,80,,0.6636
445,446,2016,81,,0.5211
446,447,2016,82,,0.1914
447,448,2016,83,,0.2946
448,449,2016,84,,1.081
449,450,2016,85,,0.0
450,451,2016,86,,0.0
451,452,2016,87,,1.0117
452,453,2016,88,,1.4866
453,454,2016,89,,2.0118
454,455,2016,90,,0.575
455,456,2016,91,,0.4694
456,457,2016,92,,0.0011
457,458,2016,93,,0.0
458,459,2016,94,,0.0036
459,460,2016,95,,1.0926
460,461,2016,96,,0.0
461,462,2016,97,,0.0288
462,463,2016,98,,0.0
463,464,2016,99,,0.0
464,465,2016,100,,0.0
465,466,2016,101,,0.0455
466,467,2016,102,,0.0
467,468,2016,103,,1.2829
468,469,2016,104,,2.3845
469,470,2016,105,,5.3722
470,471,2016,106,,5.4396
471,472,2016,107,,6.1463
472,473,2016,108,,6.4354
473,474,2016,109,,0.0
474,475,2016,110,,0.3493
475,476,2016,111,,2.7906
476,477,2016,112,,0.1225
477,478,2016,113,,2.4632
478,479,2016,114,,0.1144
479,480,2016,115,,0.0
480,481,2016,116,,0.0
481,482,2016,117,,1.8747
482,483,2016,118,,2.0494
483,484,2016,119,,1.8584
484,485,2016,120,,3.2532
485,486,2016,121,,2.5899
486,487,2016,122,,3.5883
487,488,2016,123,,4.6236
488,489,2016,124,,4.3334
489,490,2016,125,,3.9658
490,491,2016,126,,5.782
491,492,2016,127,,6.5157
492,493,2016,128,,4.6116
493,494,2016,129,,5.3914
494,495,2016,130,,5.6423
495,496,2016,131,,0.0062
496,497,2016,132,,0.0
497,498,2016,133,,1.0158
498,499,2016,134,,0.0
499,500,2016,135,,0.2056
500,501,2016,136,,1.9484
501,502,2016,137,,2.1349
502,503,2016,138,,4.6682
503,504,2016,139,,5.6694
504,505,2016,140,,6.3429
505,506,2016,141,,6.6025
506,507,2016,142,,6.4541
507,508,2016,143,,7.4351
508,509,2016,144,,8.744
509,510,2016,145,,5.806
510,511,2016,146,,4.3304
511,512,2016,147,,5.7679
512,513,2016,148,,1.5792
513,514,2016,149,,2.9536
514,515,2016,150,,6.0149
515,516,2016,151,,7.1355
516,517,2016,152,,0.1209
517,518,2016,153,,4.4795
518,519,2016,154,,4.6375
519,520,2016,155,,1.645
520,521,2016,156,,0.9304
521,522,2016,157,,7.2847
522,523,2016,158,,4.0484
523,524,2016,159,,5.9123
524,525,2016,160,,6.2092
525,526,2016,161,,8.1302
526,527,2016,162,,6.8763
527,528,2016,163,,8.162
528,529,2016,164,,1.5961
529,530,2016,165,,5.6163
530,531,2016,166,,4.1585
531,532,2016,167,,3.4845
532,533,2016,168,,6.5023
533,534,2016,169,,6.9867
534,535,2016,170,,8.4679
535,536,2016,171,,9.0068
536,537,2016,172,,7.6431
537,538,2016,173,,6.9733
538,539,2016,174,,6.3308
539,540,2016,175,,7.3337
540,541,2016,176,,7.4912
541,542,2016,177,,9.1366
542,543,2016,178,,7.8203
543,544,2016,179,,4.2335
544,545,2016,180,,6.9323
545,546,2016,181,,7.4696
546,547,2016,182,,5.754
547,548,2016,183,,6.5383
548,549,2016,184,,7.3383
549,550,2016,185,,8.3472
550,551,2016,186,,9.1325
551,552,2016,187,,7.0822
552,553,2016,188,,7.5496
553,554,2016,189,,4.5449
554,555,2016,190,,7.7262
555,556,2016,191,,7.9548
556,557,2016,192,,8.3191
557,558,2016,193,,5.5506
558,559,2016,194,,9.0796
559,560,2016,195,,7.7605
560,561,2016,196,,4.0707
561,562,2016,197,,7.2582
562,563,2016,198,,7.8386
563,564,2016,199,,8.3127
564,565,2016,200,,7.9273
565,566,2016,201,,7.3211
566,567,2016,202,,10.1703
567,568,2016,203,,7.3741
568,569,2016,204,,7.0776
569,570,2016,205,,9.6231
570,571,2016,206,,9.0751
571,572,2016,207,,7.389
572,573,2016,208,,8.2312
573,574,2016,209,,6.3635
574,575,2016,210,,7.8375
575,576,2016,211,,7.3096
576,577,2016,212,,7.0766
577,578,2016,213,,7.691
578,579,2016,214,,9.1669
579,580,2016,215,,6.7946
580,581,2016,216,,7.5245
581,582,2016,217,,8.2866
582,583,2016,218,,7.5687
583,584,2016,219,,7.3661
584,585,2016,220,,6.0467
585,586,2016,221,,7.0129
586,587,2016,222,,7.5435
587,588,2016,223,,5.983
588,589,2016,224,,8.449
589,590,2016,225,,8.3817
590,591,2016,226,,7.4307
591,592,2016,227,,7.2785
592,593,2016,228,,8.2178
593,594,2016,229,,7.0656
594,595,2016,230,,7.1424
595,596,2016,231,,9.6278
596,597,2016,232,,7.0931
597,598,2016,233,,4.5067
598,599,2016,234,,5.4045
599,600,2016,235,,6.8458
600,601,2016,236,,7.9162
601,602,2016,237,,7.7439
602,603,2016,238,,4.5959
603,604,2016,239,,5.7404
604,605,2016,240,,4.5538
605,606,2016,241,,6.3733
606,607,2016,242,,7.338
607,608,2016,243,,5.8297
608,609,2016,244,,5.877
609,610,2016,245,,5.9224
610,611,2016,246,,6.4801
611,612,2016,247,,6.944
612,613,2016,248,,7.6744
613,614,2016,249,,7.5013
614,615,2016,250,,5.7756
615,616,2016,251,,5.4802
616,617,2016,252,,5.8945
617,618,2016,253,,6.1899
618,619,2016,254,,5.0242
619,620,2016,255,,6.0536
620,621,2016,256,,2.9961
621,622,2016,257,,1.1938
622,623,2016,258,,3.2627
623,624,2016,259,,3.6938
624,625,2016,260,,4.1531
625,626,2016,261,,1.0135
626,627,2016,262,,6.2189
627,628,2016,263,,5.5476
628,629,2016,264,,3.5747
629,630,2016,265,,3.6985
630,631,2016,266,,4.7368
631,632,2016,267,,4.1438
632,633,2016,268,,1.8807
633,634,2016,269,,2.0955
634,635,2016,270,,0.0
635,636,2016,271,,0.0
636,637,2016,272,,0.3052
637,638,2016,273,,0.1417
638,639,2016,274,,2.6619
639,640,2016,275,,4.1702
640,641,2016,276,,4.932
641,642,2016,277,,5.1139
642,643,2016,278,,5.1397
643,644,2016,279,,1.7019
644,645,2016,280,,1.5425
645,646,2016,281,,0.0
646,647,2016,282,,0.2874
647,648,2016,283,,1.5239
648,649,2016,284,,4.6558
649,650,2016,285,,0.0
650,651,2016,286,,0.0
651,652,2016,287,,1.312
652,653,2016,288,,0.6992
653,654,2016,289,,3.1813
654,655,2016,290,,1.5468
655,656,2016,291,,0.0
656,657,2016,292,,1.3455
657,658,2016,293,,0.0
658,659,2016,294,,0.1431
659,660,2016,295,,0.6849
660,661,2016,296,,1.6168
661,662,2016,297,,0.0
662,663,2016,298,,1.2981
663,664,2016,299,,0.2022
664,665,2016,300,,0.0
665,666,2016,301,,0.0
666,667,2016,302,,0.0
667,668,2016,303,,0.0
668,669,2016,304,,0.2535
669,670,2016,305,,0.0
670,671,2016,306,,0.0
671,672,2016,307,,1.0846
672,673,2016,308,,0.1413
673,674,2016,309,,2.7396
674,675,2016,310,,2.7291
675,676,2016,311,,2.9924
676,677,2016,312,,1.6111
677,678,2016,313,,0.9855
678,679,2016,314,,1.5155
679,680,2016,315,,1.2515
680,681,2016,316,,0.4858
681,682,2016,317,,0.7333
682,683,2016,318,,1.219
683,684,2016,319,,0.0
684,685,2016,320,,0.4081
685,686,2016,321,,0.0398
686,687,2016,322,,0.0
687,688,2016,323,,0.0
688,689,2016,324,,0.0
689,690,2016,325,,0.0
690,691,2016,326,,0.0
691,692,2016,327,,0.0
692,693,2016,328,,0.0
693,694,2016,329,,0.0
694,695,2016,330,,0.0
695,696,2016,331,,0.0405
696,697,2016,332,,0.0
697,698,2016,333,,0.0
698,699,2016,334,,0.0
699,700,2016,335,,0.0
700,701,2016,336,,0.0
701,702,2016,337,,0.0
702,703,2016,338,,0.0
703,704,2016,339,,0.0
704,705,2016,340,,0.0
705,706,2016,341,,0.0
706,707,2016,342,,0.0
707,708,2016,343,,0.0
708,709,2016,344,,0.0
709,710,2016,345,,0.0
710,711,2016,346,,0.0
711,712,2016,347,,0.0
712,713,2016,348,,0.0
713,714,2016,349,,0.0
714,715,2016,350,,0.0
715,716,2016,351,,0.0
716,717,2016,352,,0.0
717,718,2016,353,,0.0
718,719,2016,354,,0.0
719,720,2016,355,,0.0
720,721,2016,356,,0.0
721,722,2016,357,,0.0
722,723,2016,358,,0.0
723,724,2016,359,,0.0
724,725,2016,360,,0.0
725,726,2016,361,,0.0
726,727,2016,362,,0.0
727,728,2016,363,,0.0
728,729,2016,364,,0.0
729,730,2016,365,,0.0
730,731,2016,366,,0.0
731,732,2017,1,,0.0
732,733,2017,2,,0.0
733,734,2017,3,,0.0
734,735,2017,4,,0.0
735,736,2017,5,,0.0
736,737,2017,6,,0.0
737,738,2017,7,,0.0
738,739,2017,8,,0.0
739,740,2017,9,,0.0
740,741,2017,10,,0.0
741,742,2017,11,,0.0
742,743,2017,12,,0.0
743,744,2017,13,,0.0
744,745,2017,14,,0.0
745,746,2017,15,,0.1001
746,747,2017,16,,0.1324
747,748,2017,17,,0.0715
748,749,2017,18,,0.3129
749,750,2017,19,,0.0
750,751,2017,20,,0.0
751,752,2017,21,,0.0
752,753,2017,22,,0.0
753,754,2017,23,,0.0
754,755,2017,24,,0.0
755,756,2017,25,,0.0
756,757,2017,26,,0.0
757,758,2017,27,,0.0
758,759,2017,28,,0.0
759,760,2017,29,,0.0
760,761,2017,30,,0.0
761,762,2017,31,,0.0
762,763,2017,32,,0.0
763,764,2017,33,,0.0
764,765,2017,34,,0.0
765,766,2017,35,,0.0
766,767,2017,36,,0.0
767,768,2017,37,,0.0
768,769,2017,38,,0.0
769,770,2017,39,,0.0
770,771,2017,40,,0.0
771,772,2017,41,,0.329
772,773,2017,42,,0.0
773,774,2017,43,,0.0442
774,775,2017,44,,0.4644
775,776,2017,45,,0.0
776,777,2017,46,,0.0
777,778,2017,47,,0.0382
778,779,2017,48,,0.667
779,780,2017,49,,0.6747
780,781,2017,50,,0.4186
781,782,2017,51,,0.0
782,783,2017,52,,0.4912
783,784,2017,53,,0.0
784,785,2017,54,,0.0
785,786,2017,55,,0.0
786,787,2017,56,,0.0
787,788,2017,57,,0.0095
788,789,2017,58,,0.0209
789,790,2017,59,,0.0083
790,791,2017,60,,0.0653
791,792,2017,61,,0.0
792,793,2017,62,,0.0
793,794,2017,63,,0.1433
794,795,2017,64,,0.3403
795,796,2017,65,,0.0
796,797,2017,66,,0.0
797,798,2017,67,,0.0
798,799,2017,68,,0.0
799,800,2017,69,,0.0
800,801,2017,70,,0.0
801,802,2017,71,,0.0
802,803,2017,72,,0.0
803,804,2017,73,,0.0837
804,805,2017,74,,0.3701
805,806,2017,75,,0.0855
806,807,2017,76,,0.0
807,808,2017,77,,0.3304
808,809,2017,78,,0.4468
809,810,2017,79,,1.0593
810,811,2017,80,,0.0
811,812,2017,81,,0.0904
812,813,2017,82,,0.0
813,814,2017,83,,0.0
814,815,2017,84,,0.0426
815,816,2017,85,,0.3286
816,817,2017,86,,1.2796
817,818,2017,87,,1.7842
818,819,2017,88,,0.3897
819,820,2017,89,,1.24
820,821,2017,90,,1.4044
821,822,2017,91,,0.6146
822,823,2017,92,,1.3302
823,824,2017,93,,1.6162
824,825,2017,94,,1.3633
825,826,2017,95,,1.8949
826,827,2017,96,,1.7002
827,828,2017,97,,2.1522
828,829,2017,98,,3.6734
829,830,2017,99,,2.7479
830,831,2017,100,,0.5466
831,832,2017,101,,2.2726
832,833,2017,102,,2.9707
833,834,2017,103,,3.492
834,835,2017,104,,3.6265
835,836,2017,105,,3.5425
836,837,2017,106,,2.2159
837,838,2017,107,,1.5787
838,839,2017,108,,0.1549
839,840,2017,109,,0.4698
840,841,2017,110,,0.6646
841,842,2017,111,,3.9932
842,843,2017,112,,3.5725
843,844,2017,113,,0.0
844,845,2017,114,,0.0
845,846,2017,115,,0.0
846,847,2017,116,,0.0
847,848,2017,117,,0.037
848,849,2017,118,,2.3292
849,850,2017,119,,2.1721
850,851,2017,120,,1.4047
851,852,2017,121,,0.6336
852,853,2017,122,,3.0102
853,854,2017,123,,3.5087
854,855,2017,124,,3.8661
855,856,2017,125,,5.5945
856,857,2017,126,,3.9103
857,858,2017,127,,3.3168
858,859,2017,128,,4.3453
859,860,2017,129,,4.8436
860,861,2017,130,,3.5537
861,862,2017,131,,3.8441
862,863,2017,132,,4.9856
863,864,2017,133,,4.6381
864,865,2017,134,,5.409
865,866,2017,135,,4.9775
866,867,2017,136,,0.2016
867,868,2017,137,,0.2015
868,869,2017,138,,2.9165
869,870,2017,139,,2.3083
870,871,2017,140,,0.0
871,872,2017,141,,0.0
872,873,2017,142,,0.6929
873,874,2017,143,,1.4863
874,875,2017,144,,4.1022
875,876,2017,145,,5.3072
876,877,2017,146,,6.865
877,878,2017,147,,5.4302
878,879,2017,148,,1.3082
879,880,2017,149,,0.3637
880,881,2017,150,,1.4491
881,882,2017,151,,6.3883
882,883,2017,152,,6.4258
883,884,2017,153,,6.7239
884,885,2017,154,,7.4842
885,886,2017,155,,8.2749
886,887,2017,156,,7.1489
887,888,2017,157,,6.5668
888,889,2017,158,,7.962
889,890,2017,159,,7.9176
890,891,2017,160,,9.1678
891,892,2017,161,,5.7533
892,893,2017,162,,7.6533
893,894,2017,163,,5.3422
894,895,2017,164,,3.9506
895,896,2017,165,,8.4417
896,897,2017,166,,8.408
897,898,2017,167,,7.6766
898,899,2017,168,,5.9108
899,900,2017,169,,5.2589
900,901,2017,170,,5.8597
901,902,2017,171,,7.0555
902,903,2017,172,,6.9173
903,904,2017,173,,6.4241
904,905,2017,174,,4.448
905,906,2017,175,,3.3863
906,907,2017,176,,4.5835
907,908,2017,177,,6.9244
908,909,2017,178,,5.7402
909,910,2017,179,,2.8106
910,911,2017,180,,8.4926
911,912,2017,181,,6.9469
912,913,2017,182,,5.3894
913,914,2017,183,,7.5296
914,915,2017,184,,7.3729
915,916,2017,185,,8.5239
916,917,2017,186,,7.1993
917,918,2017,187,,7.8574
918,919,2017,188,,7.5303
919,920,2017,189,,7.3171
920,921,2017,190,,8.1015
921,922,2017,191,,7.5825
922,923,2017,192,,5.4359
923,924,2017,193,,2.0702
924,925,2017,194,,5.0087
925,926,2017,195,,8.4497
926,927,2017,196,,8.4388
927,928,2017,197,,7.432
928,929,2017,198,,8.5305
929,930,2017,199,,8.1859
930,931,2017,200,,9.1425
931,932,2017,201,,7.3528
932,933,2017,202,,5.4457
933,934,2017,203,,6.3431
934,935,2017,204,,7.9605
935,936,2017,205,,8.3607
936,937,2017,206,,9.1911
937,938,2017,207,,7.7049
938,939,2017,208,,7.4715
939,940,2017,209,,7.179
940,941,2017,210,,7.5821
941,942,2017,211,,7.6686
942,943,2017,212,,8.1506
943,944,2017,213,,7.6282
944,945,2017,214,,3.9339
945,946,2017,215,,3.0343
946,947,2017,216,,5.9093
947,948,2017,217,,6.4218
948,949,2017,218,,6.8665
949,950,2017,219,,7.2754
950,951,2017,220,,8.2538
951,952,2017,221,,5.3391
952,953,2017,222,,7.2113
953,954,2017,223,,6.6166
954,955,2017,224,,6.7213
955,956,2017,225,,6.1283
956,957,2017,226,,7.5252
957,958,2017,227,,7.0718
958,959,2017,228,,2.8922
959,960,2017,229,,4.9406
960,961,2017,230,,7.1236
961,962,2017,231,,7.3381
962,963,2017,232,,5.2972
963,964,2017,233,,5.1596
964,965,2017,234,,5.2366
965,966,2017,235,,4.2217
966,967,2017,236,,5.4674
967,968,2017,237,,3.4942
968,969,2017,238,,0.3103
969,970,2017,239,,3.5208
970,971,2017,240,,5.8957
971,972,2017,241,,6.8301
972,973,2017,242,,5.7534
973,974,2017,243,,5.2275
974,975,2017,244,,6.2324
975,976,2017,245,,5.918
976,977,2017,246,,5.842
977,978,2017,247,,1.1532
978,979,2017,248,,1.9822
979,980,2017,249,,2.0105
980,981,2017,250,,3.2292
981,982,2017,251,,4.5324
982,983,2017,252,,6.181
983,984,2017,253,,6.7248
984,985,2017,254,,5.6382
985,986,2017,255,,7.0727
986,987,2017,256,,7.4938
987,988,2017,257,,3.5633
988,989,2017,258,,2.0123
989,990,2017,259,,2.2191
990,991,2017,260,,2.2987
991,992,2017,261,,3.2569
992,993,2017,262,,5.4773
993,994,2017,263,,4.6683
994,995,2017,264,,6.4507
995,996,2017,265,,5.7523
996,997,2017,266,,4.5827
997,998,2017,267,,3.2528
998,999,2017,268,,0.2171
999,1000,2017,269,,0.8523
1000,1001,2017,270,,1.7173
1001,1002,2017,271,,1.569
1002,1003,2017,272,,1.7265
1003,1004,2017,273,,1.958
1004,1005,2017,274,,0.0
1005,1006,2017,275,,0.1193
1006,1007,2017,276,,0.8719
1007,1008,2017,277,,1.8061
1008,1009,2017,278,,1.3493
1009,1010,2017,279,,1.8047
1010,1011,2017,280,,2.5458
1011,1012,2017,281,,1.1803
1012,1013,2017,282,,1.1035
1013,1014,2017,283,,1.5156
1014,1015,2017,284,,1.9632
1015,1016,2017,285,,1.8503
1016,1017,2017,286,,0.4577
1017,1018,2017,287,,0.1108
1018,1019,2017,288,,1.2091
1019,1020,2017,289,,2.6737
1020,1021,2017,290,,3.3638
1021,1022,2017,291,,2.4013
1022,1023,2017,292,,3.9095
1023,1024,2017,293,,2.2646
1024,1025,2017,294,,1.0474
1025,1026,2017,295,,0.4547
1026,1027,2017,296,,0.177
1027,1028,2017,297,,0.5772
1028,1029,2017,298,,0.1804
1029,1030,2017,299,,0.0
1030,1031,2017,300,,0.0
1031,1032,2017,301,,0.0
1032,1033,2017,302,,0.0
1033,1034,2017,303,,0.0
1034,1035,2017,304,,0.0
1035,1036,2017,305,,0.0
1036,1037,2017,306,,0.0
1037,1038,2017,307,,0.0
1038,1039,2017,308,,0.0
1039,1040,2017,309,,0.0109
1040,1041,2017,310,,0.0
1041,1042,2017,311,,0.0
1042,1043,2017,312,,0.0
1043,1044,2017,313,,0.0
1044,1045,2017,314,,0.0
1045,1046,2017,315,,0.0
1046,1047,2017,316,,0.0
1047,1048,2017,317,,0.0
1048,1049,2017,318,,0.0
1049,1050,2017,319,,0.0
1050,1051,2017,320,,0.0
1051,1052,2017,321,,0.0
1052,1053,2017,322,,0.0
1053,1054,2017,323,,0.0
1054,1055,2017,324,,0.0
1055,1056,2017,325,,0.0
1056,1057,2017,326,,0.0001
1057,1058,2017,327,,0.0
1058,1059,2017,328,,0.0
1059,1060,2017,329,,0.0755
1060,1061,2017,330,,0.0
1061,1062,2017,331,,0.0
1062,1063,2017,332,,0.0
1063,1064,2017,333,,0.0
1064,1065,2017,334,,0.0
1065,1066,2017,335,,0.2325
1066,1067,2017,336,,0.0
1067,1068,2017,337,,0.0
1068,1069,2017,338,,0.0
1069,1070,2017,339,,0.0
1070,1071,2017,340,,0.0
1071,1072,2017,341,,0.0
1072,1073,2017,342,,0.0
1073,1074,2017,343,,0.0
1074,1075,2017,344,,0.0
1075,1076,2017,345,,0.0
1076,1077,2017,346,,0.0
1077,1078,2017,347,,0.0
1078,1079,2017,348,,0.0
1079,1080,2017,349,,0.0
1080,1081,2017,350,,0.0
1081,1082,2017,351,,0.0
1082,1083,2017,352,,0.0
1083,1084,2017,353,,0.0
1084,1085,2017,354,,0.0
1085,1086,2017,355,,0.0
1086,1087,2017,356,,0.0
1087,1088,2017,357,,0.0
1088,1089,2017,358,,0.0
1089,1090,2017,359,,0.0
1090,1091,2017,360,,0.0
1091,1092,2017,361,,0.0
1092,1093,2017,362,,0.0
1093,1094,2017,363,,0.0
1094,1095,2017,364,,0.0
1095,1096,2017,365,,0.0
1096,1097,2018,1,,0.0
1097,1098,2018,2,,0.0
1098,1099,2018,3,,0.0
1099,1100,2018,4,,0.0
1100,1101,2018,5,,0.0
1101,1102,2018,6,,0.0
1102,1103,2018,7,,0.0002
1103,1104,2018,8,,0.0
1104,1105,2018,9,,0.0
1105,1106,2018,10,,0.0
1106,1107,2018,11,,0.0
1107,1108,2018,12,,0.0
1108,1109,2018,13,,0.0
1109,1110,2018,14,,0.0
1110,1111,2018,15,,0.0
1111,1112,2018,16,,0.0
1112,1113,2018,17,,0.0
1113,1114,2018,18,,0.0
1114,1115,2018,19,,0.0072
1115,1116,2018,20,,0.0
1116,1117,2018,21,,0.0
1117,1118,2018,22,,0.0
1118,1119,2018,23,,0.0
1119,1120,2018,24,,0.0
1120,1121,2018,25,,0.0907
1121,1122,2018,26,,0.0
1122,1123,2018,27,,0.0
1123,1124,2018,28,,0.0
1124,1125,2018,29,,0.0
1125,1126,2018,30,,0.0
1126,1127,2018,31,,0.0
1127,1128,2018,32,,0.0
1128,1129,2018,33,,0.0
1129,1130,2018,34,,0.0
1130,1131,2018,35,,0.0
1131,1132,2018,36,,0.0
1132,1133,2018,37,,0.0
1133,1134,2018,38,,0.0
1134,1135,2018,39,,0.0
1135,1136,2018,40,,0.0
1136,1137,2018,41,,0.0
1137,1138,2018,42,,0.0
1138,1139,2018,43,,0.0
1139,1140,2018,44,,0.3675
1140,1141,2018,45,,0.0
1141,1142,2018,46,,0.0
1142,1143,2018,47,,0.0
1143,1144,2018,48,,0.0
1144,1145,2018,49,,0.0
1145,1146,2018,50,,0.0
1146,1147,2018,51,,0.0054
1147,1148,2018,52,,0.0181
1148,1149,2018,53,,0.0
1149,1150,2018,54,,0.0
1150,1151,2018,55,,0.0
1151,1152,2018,56,,0.2779
1152,1153,2018,57,,0.4982
1153,1154,2018,58,,0.4547
1154,1155,2018,59,,0.5893
1155,1156,2018,60,,0.2724
1156,1157,2018,61,,0.1968
1157,1158,2018,62,,0.0
1158,1159,2018,63,,0.0
1159,1160,2018,64,,0.0195
1160,1161,2018,65,,0.0068
1161,1162,2018,66,,0.1968
1162,1163,2018,67,,0.3282
1163,1164,2018,68,,0.0
1164,1165,2018,69,,0.0
1165,1166,2018,70,,0.1686
1166,1167,2018,71,,0.4051
1167,1168,2018,72,,0.6982
1168,1169,2018,73,,0.2192
1169,1170,2018,74,,0.6639
1170,1171,2018,75,,0.8617
1171,1172,2018,76,,0.0733
1172,1173,2018,77,,0.0
1173,1174,2018,78,,0.0
1174,1175,2018,79,,0.5613
1175,1176,2018,80,,0.1861
1176,1177,2018,81,,0.0194
1177,1178,2018,82,,0.1021
1178,1179,2018,83,,0.0
1179,1180,2018,84,,0.0
1180,1181,2018,85,,0.6722
1181,1182,2018,86,,0.0029
1182,1183,2018,87,,0.0966
1183,1184,2018,88,,0.1516
1184,1185,2018,89,,0.0046
1185,1186,2018,90,,0.0155
1186,1187,2018,91,,0.0009
1187,1188,2018,92,,0.0
1188,1189,2018,93,,0.0
1189,1190,2018,94,,0.0
1190,1191,2018,95,,0.0
1191,1192,2018,96,,0.0015
1192,1193,2018,97,,0.2208
1193,1194,2018,98,,0.737
1194,1195,2018,99,,0.0
1195,1196,2018,100,,1.2414
1196,1197,2018,101,,0.2642
1197,1198,2018,102,,0.0291
1198,1199,2018,103,,0.0
1199,1200,2018,104,,0.0
1200,1201,2018,105,,0.0
1201,1202,2018,106,,0.9
1202,1203,2018,107,,1.0327
1203,1204,2018,108,,1.5948
1204,1205,2018,109,,1.9311
1205,1206,2018,110,,2.2374
1206,1207,2018,111,,2.5981
1207,1208,2018,112,,3.1962
1208,1209,2018,113,,1.5485
1209,1210,2018,114,,1.7596
1210,1211,2018,115,,1.5918
1211,1212,2018,116,,0.0606
1212,1213,2018,117,,1.3543
1213,1214,2018,118,,3.0436
1214,1215,2018,119,,3.3492
1215,1216,2018,120,,0.3476
1216,1217,2018,121,,1.7531
1217,1218,2018,122,,4.4831
1218,1219,2018,123,,5.425
1219,1220,2018,124,,5.8944
1220,1221,2018,125,,5.167
1221,1222,2018,126,,4.9823
1222,1223,2018,127,,1.6151
1223,1224,2018,128,,0.0
1224,1225,2018,129,,2.121
1225,1226,2018,130,,3.0616
1226,1227,2018,131,,4.3353
1227,1228,2018,132,,4.6756
1228,1229,2018,133,,7.6698
1229,1230,2018,134,,6.1978
1230,1231,2018,135,,7.112
1231,1232,2018,136,,2.1247
1232,1233,2018,137,,4.7546
1233,1234,2018,138,,2.9239
1234,1235,2018,139,,4.6363
1235,1236,2018,140,,5.735
1236,1237,2018,141,,6.2006
1237,1238,2018,142,,7.2052
1238,1239,2018,143,,8.1891
1239,1240,2018,144,,7.6888
1240,1241,2018,145,,7.4408
1241,1242,2018,146,,8.8629
1242,1243,2018,147,,7.8336
1243,1244,2018,148,,7.85
1244,1245,2018,149,,6.9751
1245,1246,2018,150,,7.3055
1246,1247,2018,151,,3.5868
1247,1248,2018,152,,0.3796
1248,1249,2018,153,,1.2068
1249,1250,2018,154,,6.1677
1250,1251,2018,155,,6.6668
1251,1252,2018,156,,7.4842
1252,1253,2018,157,,7.0913
1253,1254,2018,158,,7.8979
1254,1255,2018,159,,4.5518
1255,1256,2018,160,,8.0957
1256,1257,2018,161,,6.1881
1257,1258,2018,162,,6.9712
1258,1259,2018,163,,6.9259
1259,1260,2018,164,,7.3347
1260,1261,2018,165,,6.4814
1261,1262,2018,166,,7.1946
1262,1263,2018,167,,10.545
1263,1264,2018,168,,7.7409
1264,1265,2018,169,,7.9072
1265,1266,2018,170,,7.6305
1266,1267,2018,171,,7.4159
1267,1268,2018,172,,7.5805
1268,1269,2018,173,,7.6775
1269,1270,2018,174,,7.6394
1270,1271,2018,175,,7.0235
1271,1272,2018,176,,8.9561
1272,1273,2018,177,,8.4526
1273,1274,2018,178,,8.7576
1274,1275,2018,179,,7.668
1275,1276,2018,180,,10.6372
1276,1277,2018,181,,3.5192
1277,1278,2018,182,,7.9142
1278,1279,2018,183,,9.0485
1279,1280,2018,184,,7.9812
1280,1281,2018,185,,8.3877
1281,1282,2018,186,,7.7185
1282,1283,2018,187,,8.442
1283,1284,2018,188,,8.6856
1284,1285,2018,189,,8.5673
1285,1286,2018,190,,6.7711
1286,1287,2018,191,,8.5408
1287,1288,2018,192,,8.8899
1288,1289,2018,193,,7.8528
1289,1290,2018,194,,7.1457
1290,1291,2018,195,,9.1608
1291,1292,2018,196,,7.9651
1292,1293,2018,197,,7.3236
1293,1294,2018,198,,7.9888
1294,1295,2018,199,,8.185
1295,1296,2018,200,,8.3771
1296,1297,2018,201,,7.9457
1297,1298,2018,202,,7.9325
1298,1299,2018,203,,6.7219
1299,1300,2018,204,,8.2358
1300,1301,2018,205,,6.4279
1301,1302,2018,206,,4.0716
1302,1303,2018,207,,6.9401
1303,1304,2018,208,,7.8332
1304,1305,2018,209,,8.0703
1305,1306,2018,210,,7.4885
1306,1307,2018,211,,7.2508
1307,1308,2018,212,,2.8835
1308,1309,2018,213,,5.419
1309,1310,2018,214,,6.7205
1310,1311,2018,215,,9.4088
1311,1312,2018,216,,7.7207
1312,1313,2018,217,,6.1718
1313,1314,2018,218,,6.405
1314,1315,2018,219,,8.4003
1315,1316,2018,220,,7.4574
1316,1317,2018,221,,8.0914
1317,1318,2018,222,,7.858
1318,1319,2018,223,,8.1685
1319,1320,2018,224,,8.3786
1320,1321,2018,225,,7.4106
1321,1322,2018,226,,6.0873
1322,1323,2018,227,,6.0292
1323,1324,2018,228,,7.0708
1324,1325,2018,229,,6.5005
1325,1326,2018,230,,7.5435
1326,1327,2018,231,,7.2112
1327,1328,2018,232,,5.5094
1328,1329,2018,233,,6.4158
1329,1330,2018,234,,6.961
1330,1331,2018,235,,6.9642
1331,1332,2018,236,,8.0016
1332,1333,2018,237,,7.2687
1333,1334,2018,238,,3.6576
1334,1335,2018,239,,0.0289
1335,1336,2018,240,,5.1463
1336,1337,2018,241,,6.605
1337,1338,2018,242,,7.0245
1338,1339,2018,243,,6.9749
1339,1340,2018,244,,6.5529
1340,1341,2018,245,,6.3139
1341,1342,2018,246,,7.3362
1342,1343,2018,247,,4.7599
1343,1344,2018,248,,4.8646
1344,1345,2018,249,,5.7809
1345,1346,2018,250,,5.7087
1346,1347,2018,251,,5.7769
1347,1348,2018,252,,5.8677
1348,1349,2018,253,,7.0896
1349,1350,2018,254,,5.3639
1350,1351,2018,255,,7.1662
1351,1352,2018,256,,6.2647
1352,1353,2018,257,,3.9862
1353,1354,2018,258,,7.1153
1354,1355,2018,259,,1.7347
1355,1356,2018,260,,2.8642
1356,1357,2018,261,,1.5875
1357,1358,2018,262,,0.0
1358,1359,2018,263,,1.2123
1359,1360,2018,264,,1.3539
1360,1361,2018,265,,0.0
1361,1362,2018,266,,0.0399
1362,1363,2018,267,,0.0
1363,1364,2018,268,,1.5318
1364,1365,2018,269,,0.206
1365,1366,2018,270,,0.0
1366,1367,2018,271,,0.0412
1367,1368,2018,272,,0.5494
1368,1369,2018,273,,0.1058
1369,1370,2018,274,,0.0
1370,1371,2018,275,,0.0
1371,1372,2018,276,,0.3526
1372,1373,2018,277,,0.0
1373,1374,2018,278,,0.0
1374,1375,2018,279,,0.0
1375,1376,2018,280,,0.0
1376,1377,2018,281,,0.0
1377,1378,2018,282,,0.0
1378,1379,2018,283,,0.0
1379,1380,2018,284,,0.0429
1380,1381,2018,285,,0.0
1381,1382,2018,286,,0.0
1382,1383,2018,287,,0.0836
1383,1384,2018,288,,1.9222
1384,1385,2018,289,,3.1708
1385,1386,2018,290,,1.4492
1386,1387,2018,291,,0.8021
1387,1388,2018,292,,0.3736
1388,1389,2018,293,,1.2941
1389,1390,2018,294,,1.0541
1390,1391,2018,295,,1.0124
1391,1392,2018,296,,1.4618
1392,1393,2018,297,,0.0
1393,1394,2018,298,,0.0
1394,1395,2018,299,,0.0
1395,1396,2018,300,,0.0
1396,1397,2018,301,,0.0
1397,1398,2018,302,,0.0001
1398,1399,2018,303,,0.0
1399,1400,2018,304,,0.0
1400,1401,2018,305,,0.7907
1401,1402,2018,306,,0.7536
1402,1403,2018,307,,0.006
1403,1404,2018,308,,0.0316
1404,1405,2018,309,,0.0
1405,1406,2018,310,,0.0
1406,1407,2018,311,,0.0
1407,1408,2018,312,,0.0
1408,1409,2018,313,,0.0
1409,1410,2018,314,,0.0
1410,1411,2018,315,,0.0
1411,1412,2018,316,,0.0
1412,1413,2018,317,,0.0
1413,1414,2018,318,,0.0668
1414,1415,2018,319,,0.0
1415,1416,2018,320,,0.0
1416,1417,2018,321,,0.0
1417,1418,2018,322,,0.0
1418,1419,2018,323,,0.0
1419,1420,2018,324,,0.0
1420,1421,2018,325,,0.0
1421,1422,2018,326,,0.2129
1422,1423,2018,327,,0.0
1423,1424,2018,328,,0.0
1424,1425,2018,329,,0.0
1425,1426,2018,330,,0.0
1426,1427,2018,331,,0.0
1427,1428,2018,332,,0.0
1428,1429,2018,333,,0.0
1429,1430,2018,334,,0.0
1430,1431,2018,335,,0.0
1431,1432,2018,336,,0.0
1432,1433,2018,337,,0.0
1433,1434,2018,338,,0.0
1434,1435,2018,339,,0.0
1435,1436,2018,340,,0.0
1436,1437,2018,341,,0.0378
1437,1438,2018,342,,0.0638
1438,1439,2018,343,,0.2796
1439,1440,2018,344,,0.0001
1440,1441,2018,345,,0.0
1441,1442,2018,346,,0.0001
1442,1443,2018,347,,0.3924
1443,1444,2018,348,,0.2665
1444,1445,2018,349,,0.0
1445,1446,2018,350,,0.0091
1446,1447,2018,351,,0.0
1447,1448,2018,352,,0.2122
1448,1449,2018,353,,0.0
1449,1450,2018,354,,0.0
1450,1451,2018,355,,0.0
1451,1452,2018,356,,0.0
1452,1453,2018,357,,0.0
1453,1454,2018,358,,0.0
1454,1455,2018,359,,0.0
1455,1456,2018,360,,0.0
1456,1457,2018,361,,0.0
1457,1458,2018,362,,0.0
1458,1459,2018,363,,0.0
1459,1460,2018,364,,0.0
1460,1461,2018,365,,0.0
1461,1462,2019,1,,0.0
1462,1463,2019,2,,0.2016
1463,1464,2019,3,,0.4346
1464,1465,2019,4,,0.0
1465,1466,2019,5,,0.0
1466,1467,2019,6,,0.0
1467,1468,2019,7,,0.0
1468,1469,2019,8,,0.0
1469,1470,2019,9,,0.0
1470,1471,2019,10,,0.0
1471,1472,2019,11,,0.0
1472,1473,2019,12,,0.0
1473,1474,2019,13,,0.0
1474,1475,2019,14,,0.0
1475,1476,2019,15,,0.0
1476,1477,2019,16,,0.0
1477,1478,2019,17,,0.0
1478,1479,2019,18,,0.0
1479,1480,2019,19,,0.0
1480,1481,2019,20,,0.0
1481,1482,2019,21,,0.0
1482,1483,2019,22,,0.0
1483,1484,2019,23,,0.0
1484,1485,2019,24,,0.0
1485,1486,2019,25,,0.0
1486,1487,2019,26,,0.0
1487,1488,2019,27,,0.0
1488,1489,2019,28,,0.0
1489,1490,2019,29,,0.0
1490,1491,2019,30,,0.0
1491,1492,2019,31,,0.0
1492,1493,2019,32,,0.0
1493,1494,2019,33,,0.0
1494,1495,2019,34,,0.0
1495,1496,2019,35,,0.0
1496,1497,2019,36,,0.0
1497,1498,2019,37,,0.0
1498,1499,2019,38,,0.0
1499,1500,2019,39,,0.0
1500,1501,2019,40,,0.0
1501,1502,2019,41,,0.0
1502,1503,2019,42,,0.0
1503,1504,2019,43,,0.191
1504,1505,2019,44,,0.0
1505,1506,2019,45,,0.0
1506,1507,2019,46,,0.0
1507,1508,2019,47,,0.0
1508,1509,2019,48,,0.0256
1509,1510,2019,49,,0.0802
1510,1511,2019,50,,0.0
1511,1512,2019,51,,0.0564
1512,1513,2019,52,,0.2535
1513,1514,2019,53,,0.0
1514,1515,2019,54,,0.0
1515,1516,2019,55,,0.0
1516,1517,2019,56,,0.0
1517,1518,2019,57,,0.0091
1518,1519,2019,58,,0.1467
1519,1520,2019,59,,0.0
1520,1521,2019,60,,0.0
1521,1522,2019,61,,0.0
1522,1523,2019,62,,0.0
1523,1524,2019,63,,0.0
1524,1525,2019,64,,0.0
1525,1526,2019,65,,0.0893
1526,1527,2019,66,,0.0144
1527,1528,2019,67,,0.0
1528,1529,2019,68,,0.0
1529,1530,2019,69,,0.4927
1530,1531,2019,70,,0.4642
1531,1532,2019,71,,0.0
1532,1533,2019,72,,0.0
1533,1534,2019,73,,0.0
1534,1535,2019,74,,0.8583
1535,1536,2019,75,,0.6696
1536,1537,2019,76,,1.0568
1537,1538,2019,77,,1.0391
1538,1539,2019,78,,0.0
1539,1540,2019,79,,1.0203
1540,1541,2019,80,,1.0087
1541,1542,2019,81,,0.9593
1542,1543,2019,82,,0.0017
1543,1544,2019,83,,1.0519
1544,1545,2019,84,,0.9028
1545,1546,2019,85,,1.2014
1546,1547,2019,86,,0.9726
1547,1548,2019,87,,0.7981
1548,1549,2019,88,,0.0003
1549,1550,2019,89,,0.4966
1550,1551,2019,90,,0.1604
1551,1552,2019,91,,0.0812
1552,1553,2019,92,,0.8391
1553,1554,2019,93,,0.3523
1554,1555,2019,94,,0.0
1555,1556,2019,95,,0.0
1556,1557,2019,96,,0.0361
1557,1558,2019,97,,0.262
1558,1559,2019,98,,0.3757
1559,1560,2019,99,,0.0575
1560,1561,2019,100,,0.0
1561,1562,2019,101,,0.0
1562,1563,2019,102,,0.5708
1563,1564,2019,103,,1.3367
1564,1565,2019,104,,0.112
1565,1566,2019,105,,2.5423
1566,1567,2019,106,,0.0
1567,1568,2019,107,,0.747
1568,1569,2019,108,,2.4012
1569,1570,2019,109,,2.411
1570,1571,2019,110,,0.0017
1571,1572,2019,111,,2.0004
1572,1573,2019,112,,3.4525
1573,1574,2019,113,,4.4202
1574,1575,2019,114,,4.1477
1575,1576,2019,115,,2.2217
1576,1577,2019,116,,2.059
1577,1578,2019,117,,0.6468
1578,1579,2019,118,,0.0
1579,1580,2019,119,,0.0
1580,1581,2019,120,,0.0
1581,1582,2019,121,,0.2876
1582,1583,2019,122,,1.3319
1583,1584,2019,123,,2.5586
1584,1585,2019,124,,2.5576
1585,1586,2019,125,,0.1358
1586,1587,2019,126,,2.5385
1587,1588,2019,127,,0.0
1588,1589,2019,128,,0.1198
1589,1590,2019,129,,2.5486
1590,1591,2019,130,,4.6115
1591,1592,2019,131,,3.8687
1592,1593,2019,132,,5.1248
1593,1594,2019,133,,4.3133
1594,1595,2019,134,,5.26
1595,1596,2019,135,,2.2275
1596,1597,2019,136,,3.2915
1597,1598,2019,137,,0.0
1598,1599,2019,138,,0.9004
1599,1600,2019,139,,4.0761
1600,1601,2019,140,,5.0268
1601,1602,2019,141,,0.0
1602,1603,2019,142,,0.6501
1603,1604,2019,143,,0.0
1604,1605,2019,144,,3.4233
1605,1606,2019,145,,4.8837
1606,1607,2019,146,,0.1134
1607,1608,2019,147,,4.9034
1608,1609,2019,148,,6.2508
1609,1610,2019,149,,7.0968
1610,1611,2019,150,,6.5112
1611,1612,2019,151,,4.7336
1612,1613,2019,152,,4.4348
1613,1614,2019,153,,6.2949
1614,1615,2019,154,,7.1601
1615,1616,2019,155,,5.6751
1616,1617,2019,156,,6.3958
1617,1618,2019,157,,6.044
1618,1619,2019,158,,7.4817
1619,1620,2019,159,,1.9464
1620,1621,2019,160,,5.6607
1621,1622,2019,161,,4.3246
1622,1623,2019,162,,3.6007
1623,1624,2019,163,,5.4311
1624,1625,2019,164,,7.4628
1625,1626,2019,165,,4.9538
1626,1627,2019,166,,1.1319
1627,1628,2019,167,,3.6672
1628,1629,2019,168,,5.6789
1629,1630,2019,169,,6.7679
1630,1631,2019,170,,6.6641
1631,1632,2019,171,,8.3446
1632,1633,2019,172,,6.6096
1633,1634,2019,173,,4.9741
1634,1635,2019,174,,5.9619
1635,1636,2019,175,,8.1072
1636,1637,2019,176,,7.4543
1637,1638,2019,177,,8.576
1638,1639,2019,178,,6.3959
1639,1640,2019,179,,8.3845
1640,1641,2019,180,,8.0633
1641,1642,2019,181,,7.2454
1642,1643,2019,182,,6.649
1643,1644,2019,183,,8.1451
1644,1645,2019,184,,8.6983
1645,1646,2019,185,,8.6944
1646,1647,2019,186,,6.9086
1647,1648,2019,187,,6.7856
1648,1649,2019,188,,7.5624
1649,1650,2019,189,,10.6951
1650,1651,2019,190,,8.7779
1651,1652,2019,191,,7.1009
1652,1653,2019,192,,7.882
1653,1654,2019,193,,7.0973
1654,1655,2019,194,,8.1686
1655,1656,2019,195,,8.4724
1656,1657,2019,196,,8.0869
1657,1658,2019,197,,8.1969
1658,1659,2019,198,,8.5065
1659,1660,2019,199,,8.406
1660,1661,2019,200,,7.5892
1661,1662,2019,201,,7.1011
1662,1663,2019,202,,7.7817
1663,1664,2019,203,,7.3983
1664,1665,2019,204,,6.9612
1665,1666,2019,205,,9.7954
1666,1667,2019,206,,8.0956
1667,1668,2019,207,,7.473
1668,1669,2019,208,,8.6107
1669,1670,2019,209,,6.1161
1670,1671,2019,210,,5.9721
1671,1672,2019,211,,6.8243
1672,1673,2019,212,,7.6385
1673,1674,2019,213,,8.3415
1674,1675,2019,214,,7.2939
1675,1676,2019,215,,7.5706
1676,1677,2019,216,,6.7783
1677,1678,2019,217,,6.9053
1678,1679,2019,218,,7.2656
1679,1680,2019,219,,6.5087
1680,1681,2019,220,,6.2162
1681,1682,2019,221,,6.5028
1682,1683,2019,222,,6.4592
1683,1684,2019,223,,5.0769
1684,1685,2019,224,,5.1883
1685,1686,2019,225,,6.472
1686,1687,2019,226,,6.9513
1687,1688,2019,227,,6.5761
1688,1689,2019,228,,6.5838
1689,1690,2019,229,,5.6388
1690,1691,2019,230,,6.9343
1691,1692,2019,231,,7.0649
1692,1693,2019,232,,5.6779
1693,1694,2019,233,,5.9302
1694,1695,2019,234,,5.8088
1695,1696,2019,235,,6.7778
1696,1697,2019,236,,6.1368
1697,1698,2019,237,,1.8743
1698,1699,2019,238,,1.8597
1699,1700,2019,239,,3.8703
1700,1701,2019,240,,4.7384
1701,1702,2019,241,,5.3295
1702,1703,2019,242,,5.7052
1703,1704,2019,243,,4.7736
1704,1705,2019,244,,3.011
1705,1706,2019,245,,0.5156
1706,1707,2019,246,,4.5967
1707,1708,2019,247,,2.6037
1708,1709,2019,248,,5.6078
1709,1710,2019,249,,0.5179
1710,1711,2019,250,,2.3603
1711,1712,2019,251,,1.0924
1712,1713,2019,252,,3.4008
1713,1714,2019,253,,0.5376
1714,1715,2019,254,,0.0
1715,1716,2019,255,,0.3989
1716,1717,2019,256,,4.2652
1717,1718,2019,257,,5.1514
1718,1719,2019,258,,6.639
1719,1720,2019,259,,6.4035
1720,1721,2019,260,,7.1348
1721,1722,2019,261,,5.2163
1722,1723,2019,262,,6.93
1723,1724,2019,263,,7.4524
1724,1725,2019,264,,0.8151
1725,1726,2019,265,,4.7201
1726,1727,2019,266,,3.6542
1727,1728,2019,267,,2.5304
1728,1729,2019,268,,3.0219
1729,1730,2019,269,,0.1584
1730,1731,2019,270,,1.8762
1731,1732,2019,271,,0.0051
1732,1733,2019,272,,2.2561
1733,1734,2019,273,,0.6284
1734,1735,2019,274,,0.0
1735,1736,2019,275,,0.0249
1736,1737,2019,276,,0.0
1737,1738,2019,277,,0.0
1738,1739,2019,278,,0.1421
1739,1740,2019,279,,2.4536
1740,1741,2019,280,,3.9177
1741,1742,2019,281,,4.8933
1742,1743,2019,282,,0.0
1743,1744,2019,283,,0.0
1744,1745,2019,284,,0.0255
1745,1746,2019,285,,0.1551
1746,1747,2019,286,,0.4975
1747,1748,2019,287,,0.0
1748,1749,2019,288,,0.0001
1749,1750,2019,289,,1.5135
1750,1751,2019,290,,2.0665
1751,1752,2019,291,,2.3173
1752,1753,2019,292,,1.8884
1753,1754,2019,293,,0.0
1754,1755,2019,294,,0.0
1755,1756,2019,295,,0.0
1756,1757,2019,296,,0.7765
1757,1758,2019,297,,1.3594
1758,1759,2019,298,,1.4043
1759,1760,2019,299,,0.0
1760,1761,2019,300,,0.0
1761,1762,2019,301,,0.0
1762,1763,2019,302,,0.0
1763,1764,2019,303,,0.1339
1764,1765,2019,304,,0.0
1765,1766,2019,305,,0.0
1766,1767,2019,306,,0.0
1767,1768,2019,307,,0.0
1768,1769,2019,308,,0.0
1769,1770,2019,309,,0.0
1770,1771,2019,310,,0.0
1771,1772,2019,311,,0.0
1772,1773,2019,312,,0.0
1773,1774,2019,313,,0.0
1774,1775,2019,314,,0.0
1775,1776,2019,315,,0.0
1776,1777,2019,316,,0.0
1777,1778,2019,317,,0.0
1778,1779,2019,318,,0.1035
1779,1780,2019,319,,0.0085
1780,1781,2019,320,,0.0
1781,1782,2019,321,,0.0
1782,1783,2019,322,,0.0
1783,1784,2019,323,,0.0
1784,1785,2019,324,,0.0
1785,1786,2019,325,,0.1619
1786,1787,2019,326,,0.4105
1787,1788,2019,327,,0.1205
1788,1789,2019,328,,0.0
1789,1790,2019,329,,0.0
1790,1791,2019,330,,0.0
1791,1792,2019,331,,0.0
1792,1793,2019,332,,0.0
1793,1794,2019,333,,0.0
1794,1795,2019,334,,0.0
1795,1796,2019,335,,0.1041
1796,1797,2019,336,,0.0
1797,1798,2019,337,,0.0
1798,1799,2019,338,,0.0
1799,1800,2019,339,,0.0009
1800,1801,2019,340,,0.0
1801,1802,2019,341,,0.0
1802,1803,2019,342,,0.0
1803,1804,2019,343,,0.0
1804,1805,2019,344,,0.0
1805,1806,2019,345,,0.0
1806,1807,2019,346,,0.0
1807,1808,2019,347,,0.0
1808,1809,2019,348,,0.0
1809,1810,2019,349,,0.0
1810,1811,2019,350,,0.0
1811,1812,2019,351,,0.0
1812,1813,2019,352,,0.0
1813,1814,2019,353,,0.0
1814,1815,2019,354,,0.0048
1815,1816,2019,355,,0.3299
1816,1817,2019,356,,0.0
1817,1818,2019,357,,0.0
1818,1819,2019,358,,0.0
1819,1820,2019,359,,0.0
1820,1821,2019,360,,0.0636
1821,1822,2019,361,,0.0
1822,1823,2019,362,,0.0
1823,1824,2019,363,,0.0
1824,1825,2019,364,,0.0
1825,1826,2019,365,,0.0
1826,1827,2020,1,,0.0
1827,1828,2020,2,,0.0
1828,1829,2020,3,,0.0
1829,1830,2020,4,,0.0
1830,1831,2020,5,,0.1546
1831,1832,2020,6,,0.0
1832,1833,2020,7,,0.0
1833,1834,2020,8,,0.0
1834,1835,2020,9,,0.0
1835,1836,2020,10,,0.0
1836,1837,2020,11,,0.0
1837,1838,2020,12,,0.0
1838,1839,2020,13,,0.0
1839,1840,2020,14,,0.0
1840,1841,2020,15,,0.0
1841,1842,2020,16,,0.0
1842,1843,2020,17,,0.0
1843,1844,2020,18,,0.0
1844,1845,2020,19,,0.0
1845,1846,2020,20,,0.0
1846,1847,2020,21,,0.2533
1847,1848,2020,22,,0.0
1848,1849,2020,23,,0.0
1849,1850,2020,24,,0.0
1850,1851,2020,25,,0.0
1851,1852,2020,26,,0.0
1852,1853,2020,27,,0.0
1853,1854,2020,28,,0.0
1854,1855,2020,29,,0.0
1855,1856,2020,30,,0.0
1856,1857,2020,31,,0.0
1857,1858,2020,32,,0.0
1858,1859,2020,33,,0.0
1859,1860,2020,34,,0.0
1860,1861,2020,35,,0.0587
1861,1862,2020,36,,0.0132
1862,1863,2020,37,,0.0
1863,1864,2020,38,,0.0
1864,1865,2020,39,,0.0
1865,1866,2020,40,,0.0
1866,1867,2020,41,,0.0
1867,1868,2020,42,,0.0
1868,1869,2020,43,,0.0
1869,1870,2020,44,,0.0
1870,1871,2020,45,,0.0
1871,1872,2020,46,,0.0
1872,1873,2020,47,,0.0
1873,1874,2020,48,,0.0
1874,1875,2020,49,,0.0
1875,1876,2020,50,,0.0
1876,1877,2020,51,,0.9608
1877,1878,2020,52,,1.0285
1878,1879,2020,53,,0.296
1879,1880,2020,54,,1.1522
1880,1881,2020,55,,0.2454
1881,1882,2020,56,,0.0
1882,1883,2020,57,,0.085
1883,1884,2020,58,,0.2822
1884,1885,2020,59,,0.7517
1885,1886,2020,60,,0.6622
1886,1887,2020,61,,0.8943
1887,1888,2020,62,,0.2135
1888,1889,2020,63,,1.0224
1889,1890,2020,64,,0.0
1890,1891,2020,65,,0.8878
1891,1892,2020,66,,1.5655
1892,1893,2020,67,,1.3996
1893,1894,2020,68,,0.2487
1894,1895,2020,69,,0.9485
1895,1896,2020,70,,0.0001
1896,1897,2020,71,,0.0457
1897,1898,2020,72,,0.0001
1898,1899,2020,73,,0.4103
1899,1900,2020,74,,0.0888
1900,1901,2020,75,,0.3781
1901,1902,2020,76,,1.1195
1902,1903,2020,77,,0.0
1903,1904,2020,78,,0.0
1904,1905,2020,79,,0.3758
1905,1906,2020,80,,0.6802
1906,1907,2020,81,,0.0
1907,1908,2020,82,,1.6433
1908,1909,2020,83,,0.7512
1909,1910,2020,84,,0.0002
1910,1911,2020,85,,1.4277
1911,1912,2020,86,,1.4676
1912,1913,2020,87,,1.583
1913,1914,2020,88,,1.5251
1914,1915,2020,89,,1.7846
1915,1916,2020,90,,1.6988
1916,1917,2020,91,,1.6307
1917,1918,2020,92,,0.942
1918,1919,2020,93,,0.0
1919,1920,2020,94,,1.5478
1920,1921,2020,95,,1.7211
1921,1922,2020,96,,1.059
1922,1923,2020,97,,2.129
1923,1924,2020,98,,1.7868
1924,1925,2020,99,,0.0
1925,1926,2020,100,,1.8041
1926,1927,2020,101,,1.3698
1927,1928,2020,102,,0.0
1928,1929,2020,103,,0.0
1929,1930,2020,104,,0.0008
1930,1931,2020,105,,0.0032
1931,1932,2020,106,,1.081
1932,1933,2020,107,,1.5651
1933,1934,2020,108,,0.5566
1934,1935,2020,109,,1.4069
1935,1936,2020,110,,0.2003
1936,1937,2020,111,,1.4331
1937,1938,2020,112,,1.8633
1938,1939,2020,113,,2.8328
1939,1940,2020,114,,4.1057
1940,1941,2020,115,,3.7347
1941,1942,2020,116,,3.0015
1942,1943,2020,117,,3.4663
1943,1944,2020,118,,1.9827
1944,1945,2020,119,,3.8343
1945,1946,2020,120,,4.2735
1946,1947,2020,121,,2.6938
1947,1948,2020,122,,3.9327
1948,1949,2020,123,,0.8243
1949,1950,2020,124,,2.3619
1950,1951,2020,125,,3.0221
1951,1952,2020,126,,3.7179
1952,1953,2020,127,,2.4624
1953,1954,2020,128,,1.8355
1954,1955,2020,129,,0.8696
1955,1956,2020,130,,0.6824
1956,1957,2020,131,,2.3483
1957,1958,2020,132,,2.5529
1958,1959,2020,133,,0.206
1959,1960,2020,134,,3.7713
1960,1961,2020,135,,3.2483
1961,1962,2020,136,,5.1411
1962,1963,2020,137,,5.6111
1963,1964,2020,138,,6.3203
1964,1965,2020,139,,6.1565
1965,1966,2020,140,,5.7119
1966,1967,2020,141,,6.8403
1967,1968,2020,142,,6.7881
1968,1969,2020,143,,6.1278
1969,1970,2020,144,,7.833
1970,1971,2020,145,,6.7124
1971,1972,2020,146,,6.8301
1972,1973,2020,147,,6.4869
1973,1974,2020,148,,5.7811
1974,1975,2020,149,,1.7928
1975,1976,2020,150,,3.2524
1976,1977,2020,151,,5.3708
1977,1978,2020,152,,7.2172
1978,1979,2020,153,,7.3741
1979,1980,2020,154,,6.4737
1980,1981,2020,155,,6.377
1981,1982,2020,156,,6.6475
1982,1983,2020,157,,5.3228
1983,1984,2020,158,,3.8975
1984,1985,2020,159,,8.1932
1985,1986,2020,160,,7.7836
1986,1987,2020,161,,3.0385
1987,1988,2020,162,,6.0011
1988,1989,2020,163,,4.5657
1989,1990,2020,164,,5.2388
1990,1991,2020,165,,6.3848
1991,1992,2020,166,,5.8191
1992,1993,2020,167,,7.556
1993,1994,2020,168,,7.6557
1994,1995,2020,169,,7.9619
1995,1996,2020,170,,5.5683
1996,1997,2020,171,,7.0901
1997,1998,2020,172,,6.7471
1998,1999,2020,173,,6.6957
1999,2000,2020,174,,6.6861
2000,2001,2020,175,,6.8231
2001,2002,2020,176,,7.3624
2002,2003,2020,177,,9.1974
2003,2004,2020,178,,6.5183
2004,2005,2020,179,,7.2602
2005,2006,2020,180,,8.2447
2006,2007,2020,181,,9.0882
2007,2008,2020,182,,8.3266
2008,2009,2020,183,,6.343
2009,2010,2020,184,,6.2886
2010,2011,2020,185,,7.7818
2011,2012,2020,186,,7.5978
2012,2013,2020,187,,9.5011
2013,2014,2020,188,,7.097
2014,2015,2020,189,,6.767
2015,2016,2020,190,,8.5984
2016,2017,2020,191,,7.9572
2017,2018,2020,192,,7.625
2018,2019,2020,193,,7.3795
2019,2020,2020,194,,8.0993
2020,2021,2020,195,,6.8076
2021,2022,2020,196,,7.9276
2022,2023,2020,197,,9.4001
2023,2024,2020,198,,6.0825
2024,2025,2020,199,,7.1718
2025,2026,2020,200,,8.1899
2026,2027,2020,201,,5.9492
2027,2028,2020,202,,1.8724
2028,2029,2020,203,,6.4392
2029,2030,2020,204,,6.797
2030,2031,2020,205,,7.7388
2031,2032,2020,206,,9.1348
2032,2033,2020,207,,7.6925
2033,2034,2020,208,,7.184
2034,2035,2020,209,,7.9019
2035,2036,2020,210,,7.0081
2036,2037,2020,211,,6.6541
2037,2038,2020,212,,6.3506
2038,2039,2020,213,,8.5117
2039,2040,2020,214,,6.9367
2040,2041,2020,215,,5.8364
2041,2042,2020,216,,5.3547
2042,2043,2020,217,,6.6565
2043,2044,2020,218,,7.3308
2044,2045,2020,219,,8.643
2045,2046,2020,220,,9.2703
2046,2047,2020,221,,6.2853
2047,2048,2020,222,,6.2551
2048,2049,2020,223,,6.6665
2049,2050,2020,224,,8.6941
2050,2051,2020,225,,8.5318
2051,2052,2020,226,,3.3621
2052,2053,2020,227,,6.5645
2053,2054,2020,228,,7.2135
2054,2055,2020,229,,6.3145
2055,2056,2020,230,,6.1698
2056,2057,2020,231,,6.7622
2057,2058,2020,232,,6.7204
2058,2059,2020,233,,8.2035
2059,2060,2020,234,,6.5261
2060,2061,2020,235,,7.1435
2061,2062,2020,236,,6.8128
2062,2063,2020,237,,7.9609
2063,2064,2020,238,,8.8135
2064,2065,2020,239,,6.4602
2065,2066,2020,240,,7.3477
2066,2067,2020,241,,5.7719
2067,2068,2020,242,,6.5831
2068,2069,2020,243,,4.2873
2069,2070,2020,244,,4.5654
2070,2071,2020,245,,5.4153
2071,2072,2020,246,,2.8984
2072,2073,2020,247,,4.9688
2073,2074,2020,248,,5.4815
2074,2075,2020,249,,6.5287
2075,2076,2020,250,,0.5046
2076,2077,2020,251,,1.5658
2077,2078,2020,252,,1.8524
2078,2079,2020,253,,3.3489
2079,2080,2020,254,,3.9001
2080,2081,2020,255,,1.1711
2081,2082,2020,256,,2.2576
2082,2083,2020,257,,3.5968
2083,2084,2020,258,,5.6297
2084,2085,2020,259,,2.0274
2085,2086,2020,260,,1.805
2086,2087,2020,261,,2.2264
2087,2088,2020,262,,4.7306
2088,2089,2020,263,,5.1688
2089,2090,2020,264,,5.8949
2090,2091,2020,265,,4.7409
2091,2092,2020,266,,5.5169
2092,2093,2020,267,,1.1382
2093,2094,2020,268,,0.543
2094,2095,2020,269,,2.1801
2095,2096,2020,270,,0.6758
2096,2097,2020,271,,0.1912
2097,2098,2020,272,,2.5071
2098,2099,2020,273,,1.0556
2099,2100,2020,274,,0.8504
2100,2101,2020,275,,0.078
2101,2102,2020,276,,1.0438
2102,2103,2020,277,,1.5646
2103,2104,2020,278,,2.8586
2104,2105,2020,279,,3.1019
2105,2106,2020,280,,2.3009
2106,2107,2020,281,,2.4183
2107,2108,2020,282,,4.9014
2108,2109,2020,283,,1.8433
2109,2110,2020,284,,1.3187
2110,2111,2020,285,,1.676
2111,2112,2020,286,,1.5297
2112,2113,2020,287,,0.0
2113,2114,2020,288,,0.0842
2114,2115,2020,289,,0.0
2115,2116,2020,290,,0.0
2116,2117,2020,291,,0.0
2117,2118,2020,292,,0.0
2118,2119,2020,293,,0.0
2119,2120,2020,294,,0.0
2120,2121,2020,295,,0.0
2121,2122,2020,296,,0.0
2122,2123,2020,297,,0.0
2123,2124,2020,298,,0.0
2124,2125,2020,299,,0.0
2125,2126,2020,300,,0.0
2126,2127,2020,301,,0.0
2127,2128,2020,302,,0.4208
2128,2129,2020,303,,0.1936
2129,2130,2020,304,,0.0
2130,2131,2020,305,,0.0017
2131,2132,2020,306,,0.9336
2132,2133,2020,307,,2.0231
2133,2134,2020,308,,2.1276
2134,2135,2020,309,,1.0921
2135,2136,2020,310,,2.3426
2136,2137,2020,311,,1.2998
2137,2138,2020,312,,3.5356
2138,2139,2020,313,,0.0
2139,2140,2020,314,,0.0384
2140,2141,2020,315,,0.0127
2141,2142,2020,316,,0.0
2142,2143,2020,317,,0.019
2143,2144,2020,318,,0.0
2144,2145,2020,319,,0.0
2145,2146,2020,320,,0.0
2146,2147,2020,321,,0.1369
2147,2148,2020,322,,0.0
2148,2149,2020,323,,0.11
2149,2150,2020,324,,0.0
2150,2151,2020,325,,0.0299
2151,2152,2020,326,,0.0
2152,2153,2020,327,,0.0
2153,2154,2020,328,,0.0
2154,2155,2020,329,,0.0
2155,2156,2020,330,,0.0
2156,2157,2020,331,,0.0
2157,2158,2020,332,,0.5896
2158,2159,2020,333,,0.0
2159,2160,2020,334,,0.0
2160,2161,2020,335,,0.2303
2161,2162,2020,336,,0.0
2162,2163,2020,337,,0.0577
2163,2164,2020,338,,0.0
2164,2165,2020,339,,0.0011
2165,2166,2020,340,,0.0
2166,2167,2020,341,,0.0
2167,2168,2020,342,,0.0003
2168,2169,2020,343,,0.2535
2169,2170,2020,344,,0.0
2170,2171,2020,345,,0.0
2171,2172,2020,346,,0.0
2172,2173,2020,347,,0.0
2173,2174,2020,348,,0.0
2174,2175,2020,349,,0.0
2175,2176,2020,350,,0.0
2176,2177,2020,351,,0.0
2177,2178,2020,352,,0.0
2178,2179,2020,353,,0.0
2179,2180,2020,354,,0.0
2180,2181,2020,355,,0.0
2181,2182,2020,356,,0.0
2182,2183,2020,357,,0.0
2183,2184,2020,358,,0.0
2184,2185,2020,359,,0.0
2185,2186,2020,360,,0.0
2186,2187,2020,361,,0.0
2187,2188,2020,362,,0.0
2188,2189,2020,363,,0.0
2189,2190,2020,364,,0.0
2190,2191,2020,365,,0.0001
2191,2192,2020,366,,0.0
2192,2193,2021,1,,0.0
2193,2194,2021,2,,0.1745
2194,2195,2021,3,,0.0833
2195,2196,2021,4,,0.0877
2196,2197,2021,5,,0.0167
2197,2198,2021,6,,0.0634
2198,2199,2021,7,,0.0115
2199,2200,2021,8,,0.0
2200,2201,2021,9,,0.0
2201,2202,2021,10,,0.0
2202,2203,2021,11,,0.1471
2203,2204,2021,12,,0.2288
2204,2205,2021,13,,0.0
2205,2206,2021,14,,0.0
2206,2207,2021,15,,0.0
2207,2208,2021,16,,0.0
2208,2209,2021,17,,0.0
2209,2210,2021,18,,0.0
2210,2211,2021,19,,0.0
2211,2212,2021,20,,0.0
2212,2213,2021,21,,0.0
2213,2214,2021,22,,0.0
2214,2215,2021,23,,0.0
2215,2216,2021,24,,0.0
2216,2217,2021,25,,0.0
2217,2218,2021,26,,0.0
2218,2219,2021,27,,0.0
2219,2220,2021,28,,0.0
2220,2221,2021,29,,0.0
2221,2222,2021,30,,0.0
2222,2223,2021,31,,0.0
2223,2224,2021,32,,0.0
2224,2225,2021,33,,0.0
2225,2226,2021,34,,0.0
2226,2227,2021,35,,0.0
2227,2228,2021,36,,0.0
2228,2229,2021,37,,0.0
2229,2230,2021,38,,0.0
2230,2231,2021,39,,0.0
2231,2232,2021,40,,0.0
2232,2233,2021,41,,0.0
2233,2234,2021,42,,0.0
2234,2235,2021,43,,0.0
2235,2236,2021,44,,0.0
2236,2237,2021,45,,0.0
2237,2238,2021,46,,0.0
2238,2239,2021,47,,0.0
2239,2240,2021,48,,0.0
2240,2241,2021,49,,0.0275
2241,2242,2021,50,,0.1214
2242,2243,2021,51,,0.0
2243,2244,2021,52,,0.401
2244,2245,2021,53,,1.0949
2245,2246,2021,54,,0.8124
2246,2247,2021,55,,0.4038
2247,2248,2021,56,,0.0414
2248,2249,2021,57,,0.6484
2249,2250,2021,58,,0.0001
2250,2251,2021,59,,0.0689
2251,2252,2021,60,,0.7003
2252,2253,2021,61,,1.1733
2253,2254,2021,62,,1.1756
2254,2255,2021,63,,1.0145
2255,2256,2021,64,,1.4996
2256,2257,2021,65,,0.9821
2257,2258,2021,66,,1.4916
2258,2259,2021,67,,1.7413
2259,2260,2021,68,,0.0
2260,2261,2021,69,,0.5673
2261,2262,2021,70,,0.6324
2262,2263,2021,71,,1.5387
2263,2264,2021,72,,0.4899
2264,2265,2021,73,,0.4536
2265,2266,2021,74,,0.0044
2266,2267,2021,75,,0.1709
2267,2268,2021,76,,1.5935
2268,2269,2021,77,,1.5973
2269,2270,2021,78,,1.7939
2270,2271,2021,79,,1.064
2271,2272,2021,80,,1.6972
2272,2273,2021,81,,0.3829
2273,2274,2021,82,,0.0
2274,2275,2021,83,,1.1927
2275,2276,2021,84,,1.1556
2276,2277,2021,85,,0.001
2277,2278,2021,86,,1.509
2278,2279,2021,87,,2.6599
2279,2280,2021,88,,0.0
2280,2281,2021,89,,0.0
2281,2282,2021,90,,1.4539
2282,2283,2021,91,,1.6351
2283,2284,2021,92,,3.3338
2284,2285,2021,93,,4.169
2285,2286,2021,94,,4.9665
2286,2287,2021,95,,2.0271
2287,2288,2021,96,,0.0
2288,2289,2021,97,,0.0
2289,2290,2021,98,,0.0
2290,2291,2021,99,,0.0
2291,2292,2021,100,,0.0543
2292,2293,2021,101,,0.0
2293,2294,2021,102,,0.013
2294,2295,2021,103,,0.0
2295,2296,2021,104,,1.3631
2296,2297,2021,105,,2.1352
2297,2298,2021,106,,2.2897
2298,2299,2021,107,,0.882
2299,2300,2021,108,,0.3141
2300,2301,2021,109,,0.0001
2301,2302,2021,110,,0.2661
2302,2303,2021,111,,3.6234
2303,2304,2021,112,,0.0
2304,2305,2021,113,,1.1563
2305,2306,2021,114,,1.4716
2306,2307,2021,115,,0.0
2307,2308,2021,116,,0.8456
2308,2309,2021,117,,3.9212
2309,2310,2021,118,,2.6066
2310,2311,2021,119,,2.4338
2311,2312,2021,120,,5.6046
2312,2313,2021,121,,5.9843
2313,2314,2021,122,,0.0
2314,2315,2021,123,,1.607
2315,2316,2021,124,,2.5278
2316,2317,2021,125,,1.8013
2317,2318,2021,126,,2.2051
2318,2319,2021,127,,2.9739
2319,2320,2021,128,,1.476
2320,2321,2021,129,,1.5615
2321,2322,2021,130,,3.0233
2322,2323,2021,131,,4.5409
2323,2324,2021,132,,5.2577
2324,2325,2021,133,,3.929
2325,2326,2021,134,,4.9102
2326,2327,2021,135,,6.3074
2327,2328,2021,136,,6.3276
2328,2329,2021,137,,7.1902
2329,2330,2021,138,,6.5143
2330,2331,2021,139,,8.1078
2331,2332,2021,140,,7.9571
2332,2333,2021,141,,8.4699
2333,2334,2021,142,,0.001
2334,2335,2021,143,,3.9676
2335,2336,2021,144,,7.0838
2336,2337,2021,145,,1.872
2337,2338,2021,146,,1.9367
2338,2339,2021,147,,3.479
2339,2340,2021,148,,4.47
2340,2341,2021,149,,5.1187
2341,2342,2021,150,,5.5279
2342,2343,2021,151,,6.2495
2343,2344,2021,152,,6.7065
2344,2345,2021,153,,6.4476
2345,2346,2021,154,,5.8693
2346,2347,2021,155,,6.2391
2347,2348,2021,156,,7.6171
2348,2349,2021,157,,5.7655
2349,2350,2021,158,,7.3802
2350,2351,2021,159,,7.1469
2351,2352,2021,160,,6.4931
2352,2353,2021,161,,7.9674
2353,2354,2021,162,,6.9407
2354,2355,2021,163,,6.7662
2355,2356,2021,164,,6.7105
2356,2357,2021,165,,6.4794
2357,2358,2021,166,,5.8694
2358,2359,2021,167,,6.6902
2359,2360,2021,168,,6.4154
2360,2361,2021,169,,4.8827
2361,2362,2021,170,,1.5992
2362,2363,2021,171,,2.4956
2363,2364,2021,172,,5.2122
2364,2365,2021,173,,5.8331
2365,2366,2021,174,,5.7703
2366,2367,2021,175,,6.3618
2367,2368,2021,176,,5.9698
2368,2369,2021,177,,6.4478
2369,2370,2021,178,,6.3233
2370,2371,2021,179,,5.9077
2371,2372,2021,180,,5.951
2372,2373,2021,181,,5.5514
2373,2374,2021,182,,5.2937
2374,2375,2021,183,,5.5244
2375,2376,2021,184,,6.2899
2376,2377,2021,185,,6.0107
2377,2378,2021,186,,3.5955
2378,2379,2021,187,,4.173
2379,2380,2021,188,,4.3448
2380,2381,2021,189,,4.7907
2381,2382,2021,190,,5.4335
2382,2383,2021,191,,5.269
2383,2384,2021,192,,5.7573
2384,2385,2021,193,,5.8137
2385,2386,2021,194,,5.9347
2386,2387,2021,195,,5.4535
2387,2388,2021,196,,5.5389
2388,2389,2021,197,,5.1351
2389,2390,2021,198,,4.9266
2390,2391,2021,199,,5.8679
2391,2392,2021,200,,5.3438
2392,2393,2021,201,,3.1011
2393,2394,2021,202,,4.715
2394,2395,2021,203,,5.0614
2395,2396,2021,204,,5.7531
2396,2397,2021,205,,5.3001
2397,2398,2021,206,,3.4865
2398,2399,2021,207,,5.0438
2399,2400,2021,208,,5.7101
2400,2401,2021,209,,5.0693
2401,2402,2021,210,,5.1504
2402,2403,2021,211,,5.4285
2403,2404,2021,212,,5.1723
2404,2405,2021,213,,5.1668
2405,2406,2021,214,,5.2784
2406,2407,2021,215,,5.392
2407,2408,2021,216,,5.8758
2408,2409,2021,217,,4.6832
2409,2410,2021,218,,4.806
2410,2411,2021,219,,5.0965
2411,2412,2021,220,,4.8831
2412,2413,2021,221,,5.6684
2413,2414,2021,222,,4.8429
2414,2415,2021,223,,4.7037
2415,2416,2021,224,,4.3256
2416,2417,2021,225,,4.2782
2417,2418,2021,226,,4.914
2418,2419,2021,227,,5.0091
2419,2420,2021,228,,5.3026
2420,2421,2021,229,,5.2064
2421,2422,2021,230,,4.8641
2422,2423,2021,231,,5.6153
2423,2424,2021,232,,2.5984
2424,2425,2021,233,,4.8331
2425,2426,2021,234,,5.1133
2426,2427,2021,235,,4.1141
2427,2428,2021,236,,4.6253
2428,2429,2021,237,,1.0313
2429,2430,2021,238,,0.5804
2430,2431,2021,239,,4.3786
2431,2432,2021,240,,4.7055
2432,2433,2021,241,,4.1667
2433,2434,2021,242,,4.4027
2434,2435,2021,243,,4.3837
2435,2436,2021,244,,3.4161
2436,2437,2021,245,,1.1473
2437,2438,2021,246,,4.2917
2438,2439,2021,247,,2.9734
2439,2440,2021,248,,4.1664
2440,2441,2021,249,,2.9975
2441,2442,2021,250,,3.0114
2442,2443,2021,251,,3.522
2443,2444,2021,252,,4.3331
2444,2445,2021,253,,3.2432
2445,2446,2021,254,,2.9911
2446,2447,2021,255,,3.4028
2447,2448,2021,256,,2.2287
2448,2449,2021,257,,3.7379
2449,2450,2021,258,,4.4006
2450,2451,2021,259,,2.5737
2451,2452,2021,260,,3.5816
2452,2453,2021,261,,4.7925
2453,2454,2021,262,,0.1766
2454,2455,2021,263,,1.754
2455,2456,2021,264,,3.0628
2456,2457,2021,265,,3.1278
2457,2458,2021,266,,1.0717
2458,2459,2021,267,,1.3555
2459,2460,2021,268,,3.3631
2460,2461,2021,269,,3.0025
2461,2462,2021,270,,3.6461
2462,2463,2021,271,,3.7395
2463,2464,2021,272,,3.5355
2464,2465,2021,273,,3.6429
2465,2466,2021,274,,1.7122
2466,2467,2021,275,,2.1602
2467,2468,2021,276,,3.0125
2468,2469,2021,277,,3.0564
2469,2470,2021,278,,3.2051
2470,2471,2021,279,,3.0902
2471,2472,2021,280,,3.433
2472,2473,2021,281,,1.0242
2473,2474,2021,282,,1.8519
2474,2475,2021,283,,0.1892
2475,2476,2021,284,,2.0813
2476,2477,2021,285,,0.013
2477,2478,2021,286,,0.0
2478,2479,2021,287,,0.0
2479,2480,2021,288,,0.8191
2480,2481,2021,289,,2.001
2481,2482,2021,290,,2.8709
2482,2483,2021,291,,2.5224
2483,2484,2021,292,,0.048
2484,2485,2021,293,,0.4761
2485,2486,2021,294,,0.147
2486,2487,2021,295,,0.4407
2487,2488,2021,296,,0.3191
2488,2489,2021,297,,0.2536
2489,2490,2021,298,,0.0841
2490,2491,2021,299,,0.0
2491,2492,2021,300,,0.0
2492,2493,2021,301,,0.457
2493,2494,2021,302,,0.4755
2494,2495,2021,303,,0.0001
2495,2496,2021,304,,0.0
2496,2497,2021,305,,0.0
2497,2498,2021,306,,0.1028
2498,2499,2021,307,,0.4431
2499,2500,2021,308,,0.1433
2500,2501,2021,309,,0.814
2501,2502,2021,310,,0.2407
2502,2503,2021,311,,0.003
2503,2504,2021,312,,0.3374
2504,2505,2021,313,,0.0
2505,2506,2021,314,,0.0
2506,2507,2021,315,,0.0
2507,2508,2021,316,,0.0
2508,2509,2021,317,,0.0
2509,2510,2021,318,,0.0
2510,2511,2021,319,,0.0
2511,2512,2021,320,,0.0
2512,2513,2021,321,,0.0
2513,2514,2021,322,,0.0
2514,2515,2021,323,,0.0724
2515,2516,2021,324,,0.0
2516,2517,2021,325,,0.0
2517,2518,2021,326,,0.0833
2518,2519,2021,327,,0.0
2519,2520,2021,328,,0.0
2520,2521,2021,329,,0.0
2521,2522,2021,330,,0.0
2522,2523,2021,331,,0.0
2523,2524,2021,332,,0.0
2524,2525,2021,333,,0.0
2525,2526,2021,334,,0.0
2526,2527,2021,335,,0.0
2527,2528,2021,336,,0.0
2528,2529,2021,337,,0.0
2529,2530,2021,338,,0.0
2530,2531,2021,339,,0.0
2531,2532,2021,340,,0.0
2532,2533,2021,341,,0.0
2533,2534,2021,342,,0.0
2534,2535,2021,343,,0.0
2535,2536,2021,344,,0.0078
2536,2537,2021,345,,0.0811
2537,2538,2021,346,,0.0134
2538,2539,2021,347,,0.0
2539,2540,2021,348,,0.0
2540,2541,2021,349,,0.0
2541,2542,2021,350,,0.0
2542,2543,2021,351,,0.0
2543,2544,2021,352,,0.0
2544,2545,2021,353,,0.0
2545,2546,2021,354,,0.0
2546,2547,2021,355,,0.0
2547,2548,2021,356,,0.0
2548,2549,2021,357,,0.0151
2549,2550,2021,358,,0.0
2550,2551,2021,359,,0.0
2551,2552,2021,360,,0.0
2552,2553,2021,361,,0.0
2553,2554,2021,362,,0.0
2554,2555,2021,363,,0.0
2555,2556,2021,364,,0.0
2556,2557,2021,365,,0.0
2557,2558,2022,1,,0.0
2558,2559,2022,2,,0.0
2559,2560,2022,3,,0.0
2560,2561,2022,4,,0.0
2561,2562,2022,5,,0.0
2562,2563,2022,6,,0.0
2563,2564,2022,7,,0.0
2564,2565,2022,8,,0.0
2565,2566,2022,9,,0.0
2566,2567,2022,10,,0.0
2567,2568,2022,11,,0.0
2568,2569,2022,12,,0.0
2569,2570,2022,13,,0.0
2570,2571,2022,14,,0.0
2571,2572,2022,15,,0.0
2572,2573,2022,16,,0.0
2573,2574,2022,17,,0.0
2574,2575,2022,18,,0.0
2575,2576,2022,19,,0.0
2576,2577,2022,20,,0.0
2577,2578,2022,21,,0.0
2578,2579,2022,22,,0.0
2579,2580,2022,23,,0.0
2580,2581,2022,24,,0.0
2581,2582,2022,25,,0.0
2582,2583,2022,26,,0.0
2583,2584,2022,27,,0.0
2584,2585,2022,28,,0.0
2585,2586,2022,29,,0.0
2586,2587,2022,30,,0.0
2587,2588,2022,31,,0.0
2588,2589,2022,32,,0.0
2589,2590,2022,33,,0.0
2590,2591,2022,34,,0.0
2591,2592,2022,35,,0.0
2592,2593,2022,36,,0.0
2593,2594,2022,37,,0.0
2594,2595,2022,38,,0.3729
2595,2596,2022,39,,0.0
2596,2597,2022,40,,0.0
2597,2598,2022,41,,0.0
2598,2599,2022,42,,0.0
2599,2600,2022,43,,0.0
2600,2601,2022,44,,0.0
2601,2602,2022,45,,0.0
2602,2603,2022,46,,0.0
2603,2604,2022,47,,0.0
2604,2605,2022,48,,0.0
2605,2606,2022,49,,0.0
2606,2607,2022,50,,0.0
2607,2608,2022,51,,0.0
2608,2609,2022,52,,0.0
2609,2610,2022,53,,0.0
2610,2611,2022,54,,0.0
2611,2612,2022,55,,0.0023
2612,2613,2022,56,,0.2997
2613,2614,2022,57,,0.064
2614,2615,2022,58,,0.01
2615,2616,2022,59,,0.4449
2616,2617,2022,60,,0.0032
2617,2618,2022,61,,0.1229
2618,2619,2022,62,,0.0
2619,2620,2022,63,,0.0
2620,2621,2022,64,,0.0
2621,2622,2022,65,,0.3783
2622,2623,2022,66,,0.0
2623,2624,2022,67,,0.0
2624,2625,2022,68,,0.0
2625,2626,2022,69,,0.0
2626,2627,2022,70,,0.0
2627,2628,2022,71,,0.2341
2628,2629,2022,72,,0.5048
2629,2630,2022,73,,0.8345
2630,2631,2022,74,,0.8818
2631,2632,2022,75,,0.5903
2632,2633,2022,76,,0.5166
2633,2634,2022,77,,0.7569
2634,2635,2022,78,,0.921
2635,2636,2022,79,,0.5377
2636,2637,2022,80,,0.0
2637,2638,2022,81,,0.0
2638,2639,2022,82,,0.8627
2639,2640,2022,83,,0.0
2640,2641,2022,84,,0.0
2641,2642,2022,85,,0.1544
2642,2643,2022,86,,0.5084
2643,2644,2022,87,,0.1062
2644,2645,2022,88,,0.0
2645,2646,2022,89,,0.4081
2646,2647,2022,90,,0.9283
2647,2648,2022,91,,0.0
2648,2649,2022,92,,0.0
2649,2650,2022,93,,0.7905
2650,2651,2022,94,,0.0
2651,2652,2022,95,,0.0
2652,2653,2022,96,,0.0
2653,2654,2022,97,,0.7987
2654,2655,2022,98,,0.9747
2655,2656,2022,99,,0.0
2656,2657,2022,100,,1.0494
2657,2658,2022,101,,0.0
2658,2659,2022,102,,0.0
2659,2660,2022,103,,0.0459
2660,2661,2022,104,,0.0
2661,2662,2022,105,,0.6368
2662,2663,2022,106,,0.1246
2663,2664,2022,107,,0.0
2664,2665,2022,108,,1.1331
2665,2666,2022,109,,0.0
2666,2667,2022,110,,0.2753
2667,2668,2022,111,,0.0
2668,2669,2022,112,,0.0219
2669,2670,2022,113,,0.1002
2670,2671,2022,114,,0.0
2671,2672,2022,115,,0.1016
2672,2673,2022,116,,0.983
2673,2674,2022,117,,1.1293
2674,2675,2022,118,,0.0
2675,2676,2022,119,,0.0
2676,2677,2022,120,,0.0
2677,2678,2022,121,,0.8585
2678,2679,2022,122,,1.2571
2679,2680,2022,123,,2.2122
2680,2681,2022,124,,3.5039
2681,2682,2022,125,,3.75
2682,2683,2022,126,,4.3199
2683,2684,2022,127,,0.0
2684,2685,2022,128,,1.3643
2685,2686,2022,129,,3.7924
2686,2687,2022,130,,4.4327
2687,2688,2022,131,,0.0752
2688,2689,2022,132,,4.5423
2689,2690,2022,133,,3.6001
2690,2691,2022,134,,3.8117
2691,2692,2022,135,,1.8744
2692,2693,2022,136,,2.945
2693,2694,2022,137,,3.2116
2694,2695,2022,138,,1.0543
2695,2696,2022,139,,1.4701
2696,2697,2022,140,,0.4327
2697,2698,2022,141,,1.2942
2698,2699,2022,142,,3.1587
2699,2700,2022,143,,3.4664
2700,2701,2022,144,,0.1826
2701,2702,2022,145,,2.8447
2702,2703,2022,146,,4.349
2703,2704,2022,147,,2.5305
2704,2705,2022,148,,3.1397
2705,2706,2022,149,,4.2028
2706,2707,2022,150,,1.1707
2707,2708,2022,151,,3.8031
2708,2709,2022,152,,2.5343
2709,2710,2022,153,,2.6887
2710,2711,2022,154,,4.297
2711,2712,2022,155,,3.9621
2712,2713,2022,156,,4.2077
2713,2714,2022,157,,4.4575
2714,2715,2022,158,,4.7826
2715,2716,2022,159,,4.8138
2716,2717,2022,160,,4.6513
2717,2718,2022,161,,3.8155
2718,2719,2022,162,,4.5225
2719,2720,2022,163,,5.318
2720,2721,2022,164,,5.5853
2721,2722,2022,165,,5.4214
2722,2723,2022,166,,5.3654
2723,2724,2022,167,,4.6416
2724,2725,2022,168,,2.2858
2725,2726,2022,169,,5.2696
2726,2727,2022,170,,4.4804
2727,2728,2022,171,,5.132
2728,2729,2022,172,,5.1388
2729,2730,2022,173,,4.8289
2730,2731,2022,174,,5.3115
2731,2732,2022,175,,4.5549
2732,2733,2022,176,,3.0468
2733,2734,2022,177,,5.0686
2734,2735,2022,178,,4.3042
2735,2736,2022,179,,5.2729
2736,2737,2022,180,,5.0155
2737,2738,2022,181,,5.1143
2738,2739,2022,182,,4.2213
2739,2740,2022,183,,5.3153
2740,2741,2022,184,,5.2559
2741,2742,2022,185,,5.6237
2742,2743,2022,186,,5.1355
2743,2744,2022,187,,5.0024
2744,2745,2022,188,,4.8824
2745,2746,2022,189,,5.6495
2746,2747,2022,190,,5.3151
2747,2748,2022,191,,4.3278
2748,2749,2022,192,,4.3057
2749,2750,2022,193,,4.5627
2750,2751,2022,194,,5.1637
2751,2752,2022,195,,4.7637
2752,2753,2022,196,,5.0128
2753,2754,2022,197,,4.7904
2754,2755,2022,198,,4.9103
2755,2756,2022,199,,5.4731
2756,2757,2022,200,,5.292
2757,2758,2022,201,,4.8612
2758,2759,2022,202,,4.4213
2759,2760,2022,203,,5.1287
2760,2761,2022,204,,4.3589
2761,2762,2022,205,,4.7253
2762,2763,2022,206,,4.5891
2763,2764,2022,207,,4.0457
2764,2765,2022,208,,4.2677
2765,2766,2022,209,,4.5532
2766,2767,2022,210,,4.8542
2767,2768,2022,211,,4.4583
2768,2769,2022,212,,5.7976
2769,2770,2022,213,,4.7871
2770,2771,2022,214,,3.8194
2771,2772,2022,215,,3.2066
2772,2773,2022,216,,4.2245
2773,2774,2022,217,,4.2665
2774,2775,2022,218,,5.4936
2775,2776,2022,219,,3.3464
2776,2777,2022,220,,3.4536
2777,2778,2022,221,,3.7168
2778,2779,2022,222,,4.4006
2779,2780,2022,223,,4.0878
2780,2781,2022,224,,5.7093
2781,2782,2022,225,,3.3102
2782,2783,2022,226,,3.033
2783,2784,2022,227,,3.3193
2784,2785,2022,228,,3.4513
2785,2786,2022,229,,3.7561
2786,2787,2022,230,,1.9556
2787,2788,2022,231,,3.893
2788,2789,2022,232,,0.3469
2789,2790,2022,233,,4.3304
2790,2791,2022,234,,2.6317
2791,2792,2022,235,,4.4629
2792,2793,2022,236,,4.0285
2793,2794,2022,237,,0.8179
2794,2795,2022,238,,1.5345
2795,2796,2022,239,,0.0
2796,2797,2022,240,,0.001
2797,2798,2022,241,,1.3561
2798,2799,2022,242,,0.9269
2799,2800,2022,243,,0.8862
2800,2801,2022,244,,1.4764
2801,2802,2022,245,,2.1928
2802,2803,2022,246,,4.6081
2803,2804,2022,247,,3.6237
2804,2805,2022,248,,2.4886
2805,2806,2022,249,,5.0665
2806,2807,2022,250,,4.086
2807,2808,2022,251,,5.0319
2808,2809,2022,252,,0.1139
2809,2810,2022,253,,0.4113
2810,2811,2022,254,,1.7497
2811,2812,2022,255,,0.6772
2812,2813,2022,256,,2.8815
2813,2814,2022,257,,5.2058
2814,2815,2022,258,,0.3303
2815,2816,2022,259,,0.0
2816,2817,2022,260,,0.5907
2817,2818,2022,261,,0.0
2818,2819,2022,262,,0.0
2819,2820,2022,263,,0.0
2820,2821,2022,264,,0.7564
2821,2822,2022,265,,1.1317
2822,2823,2022,266,,1.2547
2823,2824,2022,267,,1.9221
2824,2825,2022,268,,0.8581
2825,2826,2022,269,,4.9263
2826,2827,2022,270,,1.3302
2827,2828,2022,271,,0.0
2828,2829,2022,272,,0.0
2829,2830,2022,273,,0.0
2830,2831,2022,274,,0.0
2831,2832,2022,275,,0.0
2832,2833,2022,276,,0.0
2833,2834,2022,277,,0.0
2834,2835,2022,278,,0.0
2835,2836,2022,279,,0.0
2836,2837,2022,280,,0.0
2837,2838,2022,281,,0.0
2838,2839,2022,282,,0.0
2839,2840,2022,283,,0.0
2840,2841,2022,284,,0.0
2841,2842,2022,285,,0.0
2842,2843,2022,286,,0.0
2843,2844,2022,287,,0.0
2844,2845,2022,288,,0.0
2845,2846,2022,289,,0.0
2846,2847,2022,290,,0.0
2847,2848,2022,291,,0.0
2848,2849,2022,292,,0.0
2849,2850,2022,293,,0.0
2850,2851,2022,294,,0.0
2851,2852,2022,295,,0.0
2852,2853,2022,296,,0.0
2853,2854,2022,297,,0.0
2854,2855,2022,298,,0.0
2855,2856,2022,299,,0.0
2856,2857,2022,300,,0.0
2857,2858,2022,301,,0.0
2858,2859,2022,302,,0.0
2859,2860,2022,303,,0.0
2860,2861,2022,304,,0.0
2861,2862,2022,305,,0.0
2862,2863,2022,306,,0.0
2863,2864,2022,307,,0.0
2864,2865,2022,308,,0.0
2865,2866,2022,309,,0.0
2866,2867,2022,310,,0.0
2867,2868,2022,311,,0.0
2868,2869,2022,312,,0.0
2869,2870,2022,313,,0.0
2870,2871,2022,314,,0.0
2871,2872,2022,315,,0.0
2872,2873,2022,316,,0.0
2873,2874,2022,317,,0.0
2874,2875,2022,318,,0.0
2875,2876,2022,319,,0.0
2876,2877,2022,320,,0.0001
2877,2878,2022,321,,0.0
2878,2879,2022,322,,0.0
2879,2880,2022,323,,0.0
2880,2881,2022,324,,0.0
2881,2882,2022,325,,0.0
2882,2883,2022,326,,0.0
2883,2884,2022,327,,0.0
2884,2885,2022,328,,0.0006
2885,2886,2022,329,,0.0003
2886,2887,2022,330,,0.0
2887,2888,2022,331,,0.1737
2888,2889,2022,332,,0.0
2889,2890,2022,333,,0.0
2890,2891,2022,334,,0.0
2891,2892,2022,335,,0.1988
2892,2893,2022,336,,0.2861
2893,2894,2022,337,,0.6311
2894,2895,2022,338,,0.7815
2895,2896,2022,339,,0.5672
2896,2897,2022,340,,0.7025
2897,2898,2022,341,,0.9046
2898,2899,2022,342,,0.4494
2899,2900,2022,343,,1.0466
2900,2901,2022,344,,2.1466
2901,2902,2022,345,,0.0161
2902,2903,2022,346,,0.6454
2903,2904,2022,347,,0.5577
2904,2905,2022,348,,0.4836
2905,2906,2022,349,,0.0
2906,2907,2022,350,,0.0008
2907,2908,2022,351,,0.4618
2908,2909,2022,352,,0.1679
2909,2910,2022,353,,0.6029
2910,2911,2022,354,,0.0
2911,2912,2022,355,,0.0109
2912,2913,2022,356,,1.2892
2913,2914,2022,357,,0.872
2914,2915,2022,358,,0.5229
2915,2916,2022,359,,0.9648
2916,2917,2022,360,,1.7964
2917,2918,2022,361,,2.6845
2918,2919,2022,362,,1.1004
2919,2920,2022,363,,0.8232
2920,2921,2022,364,,1.1594
2921,2922,2022,365,,1.2236
